Basket Case,punk rock,punk,rock,90s,green day,alternative,alternative rock,pop punk,american,favorites,basket case,1994,favorite songs,Awesome,fun,Pop-punk,classic,Punk-Rock,male vocalists,cool,memories,Energetic,Favorite,Favourites,seen live,upbeat,GREENDAY,emo,best songs ever,pop,indie,pop rock,Love,party,California,punkrock,Love it,hard rock,male vocalist,High School,Favourite Songs,Punk Revival,Dookie,Green Day - Basket Case,indie rock,happy,favourite,soundtrack to my life,metal,good shit,post-grunge,8 of 10 stars,FUCKING AWESOME,90s Rock,legend,punk pop,Grunge,guitar,USA,Alternative  Punk,guitar rock,1990s,Punk-Pop,amayzes loved,Californian Punk,
Boulevard of Broken Dreams,rock,punk rock,green day,punk,alternative,alternative rock,pop punk,Boulevard of Broken Dreams,pop,american,favorites,00s,sad,emo,Awesome,Ballad,favorite songs,GREENDAY,pop rock,melancholic,cool,male vocalists,indie,classic rock,Favourites,Punk-Rock,hard rock,American Idiot,melodic,Green Day - Boulevard of Broken Dreams,indie rock,2004,good,boulevard,seen live,90s,loneliness,rock ballad,beautiful,favourite,Love,acoustic,soft rock,party,great lyrics,green,i walk alone,memories,Alternative  Punk,guitar,Favorite,metal,chillout,alone,emotional,Pop-punk,lonely,punkrock,perfect,punk pop,my life,broken dreams,
Wake Me Up When September Ends,rock,punk rock,green day,alternative,punk,pop punk,sad,alternative rock,00s,american,indie,melancholic,Ballad,pop,favorites,beautiful,favorite songs,Awesome,emo,nostalgia,male vocalists,September,American Idiot,autumn,Love,melancholy,Favorite,indie rock,depressed,emotional,2005,2000s,song that make me cry,Wake me up when september ends,hard rock,epic,rock ballad,hey song i think i love you,pop rock,memories,2004,8 of 10 stars,pretty fucking awesome,USA,Mellow,best song ever,Love it,all the best,GREENDAY,Punk-Rock,Good old times,chillout,chill,slow,acoustic,guitar,Bittersweet,cool,love at first listen,9 of 10 stars,awesomeness,<3,months,black eyed peas,songs that you wanna listen to over and over again,popmusic,all my music,to remember forever,these songs are just amazing,the best music forever,test,classic,singer-songwriter,alternative pop rock,melodic,Driving,Energetic,screamo,amazing,nostalgic,California,I like,dramatic,love songs,guilty pleasure,Pop-punk,war,rock band,i fucking love this song,5 Stars,FUCKING AWESOME,wrif-fm,sing along,powerful,7 of 10 stars,10 of 10 stars,music,wake me up,my music,hit,
American Idiot,punk rock,rock,punk,green day,alternative,pop punk,alternative rock,political,American Idiot,american,00s,favorites,pop,hard rock,GREENDAY,favorite songs,Awesome,Punk-Rock,emo,Anti-Bush,Energetic,great songs,seen live,male vocalists,Grunge,Pop-punk,punkrock,indie,green day - american idiot,2004,party,2000s,cool,Favorite,indie rock,pop rock,Alternative  Punk,California,classic rock,metal,90s,Favourites,america,happy,energy,fun,good,Love it,idiot,Punk-Pop,rock out,fast,power,Love,ska,great,loved,male vocalist,best songs ever,My favourite,Punk Revival,upbeat,favourite,english,male vocals,Protest,concept album,Bay Area,punk pop,Californian Punk,gd,Punk Favorites,post-punk,Driving,modern rock,live,san francisco,Nu Metal,favorite tracks,powerful,Good Stuff,social commentary,songs i can play,not emo,Rock on,Songs I Just Like,trip-hop,chill,catchy,glam rock,guilty pleasure,holiday,Anthemic,metallica,live8,Nirvana,overplayed,top song radio,
Good Riddance (Time of Your Life),rock,acoustic,punk rock,punk,green day,alternative,90s,alternative rock,favorites,Ballad,Mellow,pop punk,favorite songs,american,beautiful,sad,nostalgia,Favourites,pop,emotional,Awesome,guitar,male vocalists,memories,chillout,seen live,Love,melancholy,1997,strings,nostalgic,Pop-punk,All time favourites,soundtrack to my life,seinfeld,melodic,live,graduation,classic rock,classic,emo,pop rock,happy,California,male vocalist,Favourite Songs,better than radiohead,indie,party,favourite,loved,Favorite,relax,alt rock,punkrock,inspiring,gute laune,favorite tracks,sing along,Sentimental,Bay Area,GREENDAY,the best,songs I absolutely love,love stinks,chill,hard rock,soft rock,other,summer,melancholic,Bittersweet,great song,cool,love songs,great lyrics,00s,Pop-Rock,brilliant,5 Stars,goodbye,makes me cry,favorite song,wrif-fm,lullaby,10 of 10 stars,singalong,sad songs,never gets old,best songs ever,grew up on,virgin2005top500,songs i like,over played,gd,VVG,Good Riddance,frequently played,songs by:green day,nimrod,
Holiday,punk rock,rock,punk,green day,alternative,alternative rock,pop punk,holiday,american,pop,00s,political,favorites,GREENDAY,Awesome,favorite songs,Pop-punk,Favorite,emo,seen live,indie,catchy,California,cool,male vocalists,hard rock,dance,great,metal,pop rock,2000s,Punk-Rock,party,Favourites,punkrock,my music,American Idiot,summer,fun,Favorite Bands,energy,90s,upbeat,heard on Pandora,fav,english,2005,wake up,the best,singer-songwriter,USA,melodic,amazing,live,great lyrics,green,rock out,amayzes loved,Green Day - Holiday,
When I Come Around,punk rock,punk,rock,90s,green day,alternative,alternative rock,pop punk,favorites,american,when i come around,favorite songs,Awesome,1994,GREENDAY,pop,favourite,Dookie,Pop-punk,Californian Punk,seen live,indie,nostalgia,hard rock,party,male vocalist,Green Day - When I Come Around,metal,emo,guitar,fun,male vocalists,Grunge,memories,cool,good,classic rock,indie rock,pop rock,happy,Alternative  Punk,ska,loved,Favorite,Love it,1995,classic,Favorite Bands,Energetic,summer,California,alt rock,punkrock,Faves,punk pop,billie joe armstrong,amayzes loved,melodic punk,chill,USA,catchy,nice,english,8 of 10 stars,9 of 10 stars,wrif-fm,10 of 10 stars,6 of 10 stars,a distinctive male lead vocal,90s Rock,Awesome song,Punk-Rock,elementary school,davaho53,heavy electric rhythm guitars,usa rock,greenday when i come around,fucking classic punk rock,
21 Guns,punk rock,rock,alternative rock,green day,punk,alternative,21 guns,american,pop punk,00s,love at first listen,pop,21st century breakdown,beautiful,Power ballad,<3,pop rock,Awesome,2009,sad,amazing,power pop,Ballad,Love,Love it,indie,2000s,The Vampire Diaries,hard rock,male vocalist,fav,GREENDAY,best song by this artist,Soundtrack,favorites,epic,cool,californian punk rock,love at first listening,seen live,must hear,Pop-punk,lyrical,melodic hardcore,punkrock,graduation,Californian,cry,Makes Me Smile,american rock,it does take my breath away,i_like_it,indie rock,90s,great,California,Favorite,rock band,8 of 10 stars,FUCKING AWESOME,guns,Beatlesque,songs I absolutely love,us top 40,alternative punk,one of my absolute tops from this artist,2000s rock,best voice,Fate rarely calls upon us at a moment of our choosing,this used to talk about me,songs I played on Graduation,this has earned the title of favorite song at some point in my life,
Welcome to Paradise,punk rock,punk,rock,green day,alternative,90s,alternative rock,pop punk,american,Pop-punk,favorites,California,GREENDAY,upbeat,cool,pop,Awesome,seen live,favorite songs,Favorite,Favourites,punkrock,indie,1994,Californian Punk,catchy,Alternative  Punk,hard rock,male vocalist,Masterpiece,wrif-fm,4 of 10 stars,Favourite Songs,90s Rock,fave songs,grew up on,songs you must sing along with,songs by:green day,Welcome to Paradise,power pop,USA,pop rock,memories,Love,loud,fun,male vocalists,90's,post-grunge,rock band,alt rock,8 of 10 stars,10 of 10 stars,6 of 10 stars,Bay Area,Punk-Pop,Punk Revival,California Punk,Workout music,Dookie,punknroll,top punk songs,500 essential songs,Old School Green Day,Top Green Day Songs,music choice: classic alternative,indiecent music,soundtrack of my highschool years,punkrocknroll,the scarred,
Jesus of Suburbia,punk rock,rock,punk,green day,alternative,alternative rock,pop punk,epic,american,rock opera,00s,long,Awesome,favorite songs,American Idiot,great lyrics,Progressive rock,GREENDAY,Jesus Of Suburbia,hard rock,favorites,male vocalist,best song ever,Californian Punk,seen live,emo,guitar,Favourite Songs,progressive punk,Punk-Rock,punk rock opera,pop,Pop-punk,Masterpiece,yeaaahhhhh,metal,power,political,life,Love it,punk rock greatest opera ever yeye,indie,indie rock,2004,90s,Driving,male vocalists,live,punkrock,FUCKING AWESOME,2000s,favorite tracks,songs i can play,gd,classic rock,heavy metal,Garage Rock,modern rock,Favorite,Favourites,greys anatomy,want to see live,long song,6 of 10 stars,metallica,concept album,songs of my life,hot guy in the video,songs to hear before you die,linux archlinux,Gren day,Green Day - Jesus of Suburbia,essential green day,
She,punk rock,punk,rock,green day,90s,alternative,alternative rock,pop punk,Awesome,favorite songs,Dookie,indie,american,male vocalists,she,1994,seen live,favorites,GREENDAY,pop,cool,favorite tracks,punk pop,Californian Punk,punkrock,Grunge,Energetic,California,Favorite,Garage Punk,my life story,Favourite Songs,songs that you wanna listen to over and over again,songs you must sing along with,green day favs,classic rock,test,emo,hard rock,USA,pop rock,Love,Alternative  Punk,Pop-punk,best song ever,post-grunge,bouncy,Favourites,melodic hardcore,8 of 10 stars,Masterpiece,wrif-fm,4 of 10 stars,a subtle use of vocal harmony,electric rhythm guitars,major key tonality,a dynamic male vocalist,electric rock instrumentation,90s Rock,Bay Area,Play this loud enough to raise the dead,punk influences,the good,a vocal-centric aesthetic,90s alternative,fucking good songs,cimx-fm,punknroll,Pop-punk-rock,prominent drums,q101chicago,songs by:green day,abolutely obsessed with,favorite gd songs,good green day,old green day,punkrocknroll,the scarred,
Longview,punk rock,punk,rock,green day,90s,alternative,alternative rock,pop punk,masturbation,1994,favorite songs,favorites,american,cool,songs about masturbation,pop,Awesome,Energetic,California,Favorite,Dookie,seen live,Pop-punk,metal,angry punk,emo,hard rock,happy,Love,sex,male vocalist,post-grunge,8 of 10 stars,wrif-fm,10 of 10 stars,story of my life,Californian Punk,classic rock,heavy,catchy,epic,Alternative  Punk,angry,thrash metal,fun,male vocalists,High School,rock band,Favourites,Guilty Pleasures,6 of 10 stars,Favourite Songs,extensive vamping,major key tonality,repetitive melodic phrasing,Pitchfork 500,90s Rock,Bay Area,GREENDAY,psychobaby,hard rock roots,punk influences,90s punk,melodic punk,90s alternative,songs you must sing along with,prominent bass riffs,heavy electric rhythm guitars,Longview,seven deadly sins,self-love,not all about love,favorite gd songs,slgdm,test,chillout,electronica,indie,male,Favorite Bands,Grunge,hardcore,rap,sexy,power pop,memories,easy listening,blues-rock,post-punk,ska,guitar,bass,Driving,upbeat,Reflective,funky,old skool,changed my life,Progressive,ska punk,
St. Jimmy,punk rock,punk,rock,green day,alternative,alternative rock,pop punk,american,st jimmy,fast,00s,favorites,political,favorite songs,seen live,hard rock,catchy,Awesome,cool,Pop-punk,emo,punkrock,great songs,awesomeness,Punk-Pop,amayzes loved,power,angry,California,heard on Pandora,live,rock opera,2000s,4 of 10 stars,names,GREENDAY,Punk-Rock,davaho53,Green Day - St Jimmy,StJimmy,pop,Grunge,indie rock,Alternative  Punk,melodic,Energetic,great,amazing,fun,band,male vocalist,6 of 10 stars,Good Stuff,concept album,jimmy,my music,kick ass,American Idiot,Californian Punk,nice to hear,gretanova,
Are We the Waiting,punk rock,rock,punk,green day,alternative,alternative rock,american,pop punk,Are We the Waiting,00s,seen live,emo,favorites,favorite songs,hard rock,Love,GREENDAY,Awesome,California,melancholic,Punk-Rock,pop,cool,rock opera,2000s,6 of 10 stars,American Idiot,amayzes loved,Morose Deep dilate Crimson,indie,pop rock,slow,Alternative  Punk,Mellow,male vocalist,male vocalists,Punk-Pop,Californian Punk,davaho53,the jesus of suburbia is a lie,arena rock,90s,Coldplay,Pop-punk,english,8 of 10 stars,Linkin Park,FUCKING AWESOME,awesomeness,concept album,punk pop,billie joe armstrong,sexiest songs ever,americain,gd,Punk Favorites,one of the best songs by green day,
She's a Rebel,punk rock,rock,punk,green day,alternative,alternative rock,pop punk,american,00s,pop,favorites,American Idiot,emo,Awesome,upbeat,political,Grunge,fast,hard rock,Pop-punk,rebel,favorite songs,hardcore,indie rock,USA,Energetic,California,cool,great lyrics,6 of 10 stars,concept album,Californian Punk,gd,She's a Rebel,Shes A Rebel,seen live,indie,dance,catchy,90s,gay,amazing,male vocalist,male vocalists,guilty pleasure,rock opera,Garage Punk,english,melodic hardcore,punkrock,bombcore,7 of 10 stars,Officially Shit,she,Bay Area,my music,GREENDAY,Punk-Pop,Punk-Rock,5 of 10 stars,zajebiste,Rock on,
Give Me Novacaine,punk rock,rock,punk,green day,alternative,alternative rock,favorites,pop punk,american,00s,Pop-punk,emo,hard rock,American Idiot,relaxing,GREENDAY,Awesome,California,2000s,seen live,drugs,Californian Punk,indie rock,sad,amazing,Favorite,Favourite Songs,Punk-Pop,Novacaine,pop,chill,Favorite Bands,catchy,political,perfect,indie,Alternative  Punk,2004,male vocalist,Favourites,pain,6 of 10 stars,concept album,Bay Area,my music,rock out,awesome lyrics,gd,give me novacaine,give me novocaine,chillout,Grunge,USA,pop rock,beautiful,Mellow,nostalgic,loved,cool,male vocalists,Love it,songs that make me cry,songs you must sing along with,Green day-Give me Novacaine,favourite green day tracks,RM,
Whatsername,punk rock,punk,rock,green day,alternative,alternative rock,pop punk,american,favorite songs,Awesome,00s,memories,nostalgia,melancholic,American Idiot,Whatsername,hard rock,favorites,2004,rock band,i miss you,Remember,Story telling,6 of 10 stars,rockin,Nostalgic tunes,songs about growing up,favourite green day tracks,tragically yours,pop,sad,Love,guitar,waiting,genius,male vocalists,Ballad,rock opera,Favourites,8 of 10 stars,love song,FUCKING AWESOME,2000s,<3,sadness,5 star songs,Punk Revival,sad song,Good memories,masturbation,sad romantic,Songs I Just Like,Songs that are great,emo,albums I own,USA,calm,catchy,epic,alternative pop rock,adult alternative pop rock,post-punk,drums,upbeat,amazing,Garage Rock,emotional,Bittersweet,relaxing,cool,male vocalist,female vocalist,strong,Pop-punk,melodic hardcore,punkrock,import,punkish,lyrics,maroon 5,Unrequited Love,Masterpiece,favorite song,4 Stars,cap,tracks,sing along,Girl,music,tune,mature,collection,forever,she,East Bay,punk pop,my music,GREENDAY,Favorite songs ever,Punk-Pop,
Brain Stew,punk rock,punk,rock,90s,green day,alternative rock,alternative,pop punk,american,Awesome,Pop-punk,favorite songs,favorites,heavy,cool,guitar,1996,hard rock,angry,California,male vocalist,Grunge,male vocalists,Favorite,love at first listen,drugs,wrif-fm,90s Rock,GREENDAY,classic rock,indie,pop,USA,dark,Alternative  Punk,Energetic,loved,Workout,insomnia,Love it,favorite song,1995,music,songs i can play,Bay Area,stoned,90s punk,fucking ace,90s alternative,angry music,best songs ever written,grew up on,rock favorites,cimx-fm,alltime fav,active rock,500 essential songs,Brain Stew,song i have seen live,album:international superhits,songs by:green day,i miss the 90s,du dun,brain stew -green day-,Soundtrack,metal,Hip-Hop,chillout,seen live,classic,emo,power pop,memories,power,Love,post-punk,other,ska,night,bass,nineties,poetry,Adult Alternative,sex,heard on Pandora,modern rock,live,High School,Distorted,Awesome Guitar Jams,best,Favourites,Guilty Pleasures,brilliant,english,punkrock,poppy,8 of 10 stars,nostalgia,Cool song,
Extraordinary Girl,punk rock,rock,punk,green day,alternative,alternative rock,pop punk,american,00s,indie,pop,favorites,Pop-punk,emo,American Idiot,pop rock,Awesome,political,GREENDAY,metal,favorite songs,guitar,90s,Garage Rock,California,male vocalists,Favorite,english,my music,Punk-Pop,vugube62,classic rock,Hard,hard rock,Love,upbeat,fun,cool,Garage Punk,6 of 10 stars,concept album,Bay Area,the best,mainstream,Californian Punk,gd,Blame it on the love of rock n roll,eastern-influenced,favourite green day tracks,Extraordinary Girl,favorite gd songs,super mega song,Moody songs,the good guitar,the scarred,Hip-Hop,Favorite Bands,Grunge,rap,indie rock,fast,power pop,USA,energy,catchy,intro,new wave,funk,2004,loud,Energetic,party,gay,The Offspring,nice,glam rock,band,Uplifting,modern rock,powerpop,strong,Rock and Roll,the clash,rock opera,Crap,Pop-Rock,san francisco,rock band,best,Favourites,alt rock,inspiration,punkrock,import,punkish,loneliness,perfect,overrated,male vocals,ok,
Letterbomb,punk rock,punk,rock,green day,alternative,alternative rock,american,pop punk,00s,favorite songs,favorites,letterbomb,Awesome,seen live,American Idiot,indie,Pop-punk,nobody likes you,fast,political,California,Favourites,rock out,amayzes loved,Green Day - Letterbomb,pop,Energetic,cool,2000s,6 of 10 stars,Punk-Rock,Californian Punk,davaho53,500 essential songs,indie rock,upbeat,good,heard on Pandora,10 of 10 stars,concept album,Bay Area,my music,I love,vocals male,punkk,Guitar pwnage,
Minority,punk rock,punk,rock,green day,alternative,pop punk,alternative rock,favorites,90s,political,american,00s,sing along,Minority,catchy,seen live,favorite songs,happy,metal,party music,male vocalist,male vocalists,2000s,hard rock,Alternative  Punk,loud,folk punk,Favorite,punkrock,10 of 10 stars,social commentary,2000,GREENDAY,fucking brilliant,songs that i love singing,heavy,USA,pop rock,Awesome,irish,heard on Pandora,great lyrics,Pop-punk,post-grunge,alt rock,mixed acoustic and electric instrumentation,songs i can play,defiant,attitude,Punk-Pop,punk influences,grew up on,My Teenage Years,soundtrack to my life,tap your foot,sexiest songs ever,Californian Punk,subtle use of the harmonica,500 essential songs,green day favs,scream at the top of my lungs,nema,ipod repeat,classic rock,indie,pop,country,emo,power,Love,tempo,alternative pop rock,psychedelic,guitar,Driving,day,upbeat,Energetic,songwriter,angry,subway,funky,thrash metal,cheerful,laessig,Garage Rock,folk rock,California,harmonica,fun,glam rock,loved,super,cool,female vocalist,powerpop,live,High School,country pop,alternative pop,
Know Your Enemy,punk rock,rock,green day,punk,pop punk,alternative rock,alternative,21st century breakdown,FUCKING AWESOME,2009,american,00s,power pop,catchy,pop rock,American Punk,Awesome,pop,enemy,know your enemy,punkrock,Love it,Californian Punk,best of 2009,<3,Bay Area,GREENDAY,Californian,favorite band,american rock,awesome lyrics,the best of  the  best,Green Days new single,seen live,fast,Alternative  Punk,beautiful,California,favourite,rock n roll,rock band,Favourites,single,2000s,oh hell yes,My Favorite Albums,good vibes,do you know your enemy,repetitive,guitar,Driving,political,Favorite,Hot AC,english,6 of 10 stars,scream,Punk-Pop,know,rockband,rock band dlc,the hills,oui fm,songs that you wanna listen to over and over again,loved on first listen,2000s rock,critically acclaimed song,acclaimed music top 200 of 2009,really good songs,music choice: alternative,super track,Grateful Dread,Adult Top40,Modern Top40,fuckn green day dude,my favorite worst breakdown,favourites 2009,Green Day single,commercial warner shit,
Burnout,punk rock,punk,rock,green day,90s,alternative,alternative rock,pop punk,american,pop,Pop-punk,1994,hard rock,favorites,California,6 of 10 stars,Bay Area,Californian Punk,indie,Grunge,favorite songs,indie rock,Awesome,favourite,female vocalist,post-grunge,Favorite,drugs,8 of 10 stars,10 of 10 stars,weed,GREENDAY,metal,chillout,classic,heavy,emo,power pop,old times,Love,Alternative  Punk,americana,guitar,loud,drums,me,upbeat,Energetic,thrash metal,party,amazing,adrenaline,fun,drumming,cool,male vocalist,underrated,Rock and Roll,the clash,addiction,san francisco,rock band,short,chill out,Favourites,alt rock,Garage Punk,punkrock,drum solo,import,nostalgia,running,youth,sellout,marijuana,Masterpiece,gute laune,favorite tracks,powerful,RAWK,music,theme song,Love Metal,suicidal,90s Rock,rockin,stoned,punk pop,like it,77,attitude,Punk-Pop,3 of 10 stars,balls to the wall,90s punk,best ever,melodic punk,robbie,favorite band,druuugs,
Warning,punk rock,punk,rock,green day,alternative,alternative rock,pop punk,00s,american,favorite songs,favorites,catchy,warning,pop rock,male vocalist,seen live,pop,political,California,2000s,2000,metal,male vocalists,my music,the old green day,chill,heavy,hard rock,acoustic,Alternative  Punk,Awesome,90s,cool,Pop-punk,post-grunge,alt rock,10 of 10 stars,Favourite Songs,the kinks,Bay Area,Punk-Pop,favorite band,Californian Punk,fucking great song,Non-Suck,mood just punk,songs that i can play,classic rock,chillout,indie,Favorite Bands,hardcore,emo,albums I own,USA,Love,epic,alternative pop rock,world,psychedelic,feel good,upbeat,3,thrash metal,Mellow,Garage Rock,I like,fun,sex,glam rock,World Music,heard on Pandora,female vocalist,powerpop,live,surf rock,Acoustic Rock,optimistic,rock band,relax,best,Favourites,love at first listen,i fucking love this song,english,punkrock,advice,FUCKING AWESOME,Love it,personal favourites,all time faves,all the best,best songs of the 00s,4 Stars,sing along,7 of 10 stars,singalong,2002,social commentary,Love Metal,
Hitchin' a Ride,punk rock,punk,rock,green day,alternative,90s,alternative rock,pop punk,american,favorite songs,Awesome,favourite,seen live,heavy,favorites,male vocalist,male vocalists,live,Favorite,punkrock,alcohol,my favorite songs,hard rock,angry,California,underrated,Pop-punk,folk punk,Nu Metal,1997,masturbation,songs that you wanna listen to over and over again,dirty electric guitar riffs,500 essential songs,absolutely wonderful,dance like a maniac music,metal,pop,classic,emo,USA,power,catchy,Alternative  Punk,other,strings,violin,Energetic,subway,ska punk,old school,fun,sex,nice,cool,Recommended,heard on Pandora,High School,Pop-Rock,Favourites,drugs,college radio,dance dance dance,PANIC AT THE DISCO,Yay,all the best,1990s,RAWK,10 of 10 stars,4 of 10 stars,feelgood,a subtle use of vocal harmony,extensive vamping,repetitive melodic phrasing,minor key tonality,concert,horses,Misfits,General Alternative,bombastic,songs i can play,90s Rock,headbanging,good music,Bay Area,minor key,best songs ever,rockin,dirge,GREENDAY,immense,Favorite songs ever,true metal,android,Punk-Rock,billie joe armstrong,mike dirnt,tre cool,fave songs,5 of 10 stars,
Having a Blast,punk rock,punk,rock,green day,alternative,alternative rock,90s,pop punk,pop,1994,american,Californian Punk,Pop-punk,Grunge,favorite songs,hard rock,male vocalist,post-grunge,8 of 10 stars,kick ass,Punk Revival,Dookie,the scarred,test,chillout,seen live,indie,power pop,Stoner Rock,happy,catchy,alternative pop rock,Awesome,upbeat,Energetic,thrash,Like,old school,California,favourite,fun,loved,modern rock,Rock and Roll,the clash,mood,Favorite,rock band,Garage Punk,import,zeus,zeusdidit,surf punk,youth,childhood,angsty,Masterpiece,gute laune,10 of 10 stars,6 of 10 stars,4 of 10 stars,a subtle use of vocal harmony,major key tonality,a dynamic male vocalist,mixed acoustic and electric instrumentation,bombs,East Bay,Bay Area,rockin,punk pop,GREENDAY,77,Punk-Pop,summer 05,mainstream,5 of 10 stars,basic rock song structures,surf revival,My favorite artists,melodic punk,robbie,favorite band,teenage years,goldies,alternative-rock,thrill,rancid,Latin Electronica,elementary school,core,songs you must sing along with,punk roots,punknroll,fav0urit3,us-american,gilman,heavy electric rhythm guitars,na na na,backup vox,misantrophy,
Chump,punk rock,punk,rock,90s,alternative rock,green day,alternative,pop punk,Pop-punk,favorite songs,1994,pop,american,indie,Awesome,6 of 10 stars,Californian Punk,greenday rules,seen live,Grunge,hard rock,favorites,Alternative  Punk,4 of 10 stars,Favorite Bands,emo,indie rock,power pop,Love,bass,Driving,Energetic,funky,California,favourite,nice,radiohead,Rock and Roll,the clash,post-grunge,Favorite,rock band,Garage Punk,punkrock,import,8 of 10 stars,Sonic Youth,angsty,Rammstein,Masterpiece,Neo-Psychedelia,10 of 10 stars,awesomeness,Driving Songs,Self,pixies,Good Charlotte,East Bay,rockin,punk pop,GREENDAY,77,Punk Revival,blink-182,chump,melodic punk,robbie,brings back memories,grew up on,rancid,top 500 Essential songs,sum 41,songs you must sing along with,Dookie,punknroll,untaggedhome,fav0urit3,gilman,500 essential songs,awesome bass jam,awesome banjo jam,alterindie,joy divison,I love the 90s,billie-joe,Zodo,albums iamamiam owns,mtv europe,favorite gd songs,kibrit,University Rock,Sixth Form Rock,royalty bites,from my distant yoof,pop - punk,x33,leapsandbounds tapecollection,green day - chump,Green Day- Chump,punkrocknroll,
Coming Clean,punk rock,punk,rock,green day,alternative,90s,alternative rock,pop punk,favorite songs,american,Pop-punk,bisexual,seen live,pop,indie rock,hard rock,gay,California,1994,Dookie,Awesome,san francisco,8 of 10 stars,Coming Out,angsty,90s Rock,gay anthem,Californian Punk,bad music get recommended anyway,for the losers,Coming Clean,confusion lyrics,indie,Grunge,power pop,favorites,happy,upbeat,Energetic,party,fun,male vocalists,Rock and Roll,the clash,queer,post-grunge,Favorite,rock band,Garage Punk,import,lyrics,lesbian,youth,Masterpiece,misc,10 of 10 stars,6 of 10 stars,music,17,Bay Area,rockin,punk pop,GREENDAY,77,new metal,billie joe,5 of 10 stars,Punk Revival,90s punk,melodic punk,top songs,grew up on,rancid,lgbt,rockout,sacredsummers,songs you must sing along with,punknroll,mom and dad,gay pride,bisexuality,500 essential songs,oh happy day,alterindie,Zodo,igrenc,albums iamamiam owns,Evanesence,favorite gd songs,Carry,samaistuminen,Juventud,pop - punk,queercore anthem,nema,leapsandbounds tapecollection,Fons23,got the album,blgt,rockin  track,
Nice Guys Finish Last,punk rock,punk,rock,green day,pop punk,90s,alternative,alternative rock,american,favorites,heard on Pandora,favorite songs,Awesome,upbeat,90s Rock,Californian Punk,songs by:green day,pop,hard rock,cool,male vocalists,Rock and Roll,punkrock,ROX LIKE WOOO,classic rock,seen live,indie,emo,USA,catchy,bass,Energetic,California,Favorite,san francisco,Favourites,skate punk,1999,Bay Area,best songs ever,punk pop,rock punk,awesome lyrics,green day favs,Driving CD songs,Punk Favorites,spring time music,favourite green day tracks,favorite gd songs,soul,Grunge,indie rock,albums I own,power pop,Progressive rock,Stoner Rock,pop rock,Excited,Alternative  Punk,post-punk,other,angry,subway,ska punk,comedy,amazing,Garage Rock,favourite,stoner,funny,High School,Rock n' Roll,the clash,Pop-punk,50's,00s,60's,90's,alt rock,Garage Punk,import,8 of 10 stars,lyrics,wake up,truth,badass,personal favourites,10 of 10 stars,6 of 10 stars,4 of 10 stars,1997,music,Red Hot Chili Peppers,<3,joy,General Alternative,true,good music,rockin,Jane Monheit,
Homecoming,punk rock,rock,punk,alternative rock,green day,alternative,american,pop punk,epic,00s,hard rock,homecoming,favorite songs,favorites,catchy,Pop-punk,rock opera,pop,seen live,political,California,Uplifting,Punk-Rock,emo,Awesome,2004,long,male vocalists,punkrock,4 of 10 stars,my music,nobody likes you,pop rock,Drum,summer,nice,male vocalist,great lyrics,rock n roll,best song ever,long song,perfect,2000s,6 of 10 stars,story of my life,American Idiot,my favourite songs,good pop and rock,punk rock opera,mini-opera,Green Day - Homecoming,classic rock,indie,Grunge,power pop,Progressive rock,USA,depressed,makes you want to dance,post-punk,blues,90s,upbeat,Energetic,angry,oldies,musical,gay,Garage Rock,christian rock,good,heard on Pandora,Rock and Roll,Favourites,english,melodic hardcore,8 of 10 stars,maroon 5,long songs,bad day,good day,FUCKING AWESOME,Love it,Masterpiece,all time faves,favorite song,cap,tracks,Favourite Songs,collection,concept album,takes me back,East Bay,rockin,dumped,Favourite bands,DL,rock punk,sound storm,Tasty,
Pulling Teeth,punk rock,punk,rock,green day,90s,alternative,alternative rock,pop punk,1994,american,Californian Punk,pop,Grunge,Pop-punk,Favorite,favorite songs,favorites,California,10 of 10 stars,punk pop,Dookie,Old School Green Day,goodtimeguitar,pxs: loved,classic rock,seen live,indie,hard rock,power pop,Awesome,guitar,funky,new,amazing,Coldplay,loved,male vocalist,Rock and Roll,the clash,post-grunge,san francisco,rock band,Garage Punk,import,8 of 10 stars,nostalgia,mom,Love it,Masterpiece,3 stars,1990s,6 of 10 stars,4 of 10 stars,a subtle use of vocal harmony,major key tonality,a dynamic male vocalist,mixed acoustic and electric instrumentation,favs,domestic violence,90s Rock,alternative & punk,Bay Area,Perfect Pop,rockin,GREENDAY,77,my life,4am,fave songs,Creed,basic rock song structures,melodic punk,favorite band,surf music,favoritas,The 50 Most Essential Punk Records Spin 2001,90s alternative,rancid,american rock,sweet california,songs you must sing along with,punk roots,punknroll,lovehatelove,songs to sing to,heavy electric rhythm guitars,500 essential songs,good chorus,Zodo,swwg,albums iamamiam owns,feel-good-chill,songs that remind me,oh adolescencia,favorite gd songs,Upbeat goodtimes everything,fucking love this,University Rock,tragically yours,Sixth Form Rock,
Sassafras Roots,punk rock,punk,rock,green day,90s,alternative,alternative rock,pop punk,1994,favorite songs,american,Pop-punk,Favorite,Californian Punk,seen live,pop,Alternative  Punk,California,cool,punkrock,angsty,10 of 10 stars,6 of 10 stars,Dookie,Sassafras Roots,Grunge,hard rock,power pop,pop rock,favorites,memories,Love,Awesome,cheerful,male vocalist,male vocalists,the clash,90's,post-grunge,rock band,import,8 of 10 stars,youth,FUCKING AWESOME,angst,three,favorite tracks,7 of 10 stars,4 of 10 stars,weed,Red Dwarf,90s Rock,Perfect Pop,rockin,punk pop,GREENDAY,Hehe,all-time favorite,90s punk,favorite band,90s alternative,alternative-rock,music to get stoned to,assertive,my favorite songs,soundtrack to my life,ana,131,500 essential songs,Zodo,albums iamamiam owns,for the losers,favorite gd songs,smoke songs,Relaks,was auf die ohren,pop - punk,favorite songs weed songs,darthwang sucks cocks,Hards on Gitards,ponk rok,leapsandbounds tapecollection,Green Day - Sassafras Roots,the scarred,escuchar mas rato,Basslines I love,ja tak samo,summertime ju,wcale nie pamietam,wcale nie tesknie,they mentioned cigarettes,fpbdml gif,:'),
In the End,punk rock,punk,rock,green day,90s,alternative rock,alternative,pop punk,american,Pop-punk,Dookie,seen live,favorite songs,Awesome,1994,pop,Grunge,hard rock,favorites,California,4 of 10 stars,90s Rock,Californian Punk,indie,power pop,Love,Alternative  Punk,upbeat,g,oldies,favourite,cool,male vocalist,Rock and Roll,the clash,post-grunge,Favorite,san francisco,rock band,Garage Punk,punkrock,import,8 of 10 stars,friends,angsty,Masterpiece,10 of 10 stars,6 of 10 stars,Bay Area,rockin,end,punk pop,The,77,fuck you,3 of 10 stars,Motorhead,90s punk,Love this song,melodic punk,Pagode,rancid,Finch,songs you must sing along with,punknroll,gd,alterindie,mistys nostalgia,punkemo,Zodo,In the End,albums iamamiam owns,good 90s,favorite gd songs,rockear,was auf die ohren,garten punk,pop - punk,moja jedyna marysia,Green day-In the end,katie loves this,leapsandbounds tapecollection,bonelikesit,moje liceum,Hosch1,punkrocknroll,the scarred,ja pierdole jakie to zajebiste,a good song and band,rocknrollasession,green day dookie in the end,fpbdml gif,It starts with one thing I dont know why it doesnt even matter how hard you try keep that in mind i designed this rhyme,
Emenius Sleepus,punk rock,punk,rock,green day,alternative,90s,alternative rock,pop punk,Pop-punk,1994,favorite songs,american,post-grunge,Dookie,hard rock,Awesome,male vocalist,6 of 10 stars,metal,pop,upbeat,party,cool,female vocalist,Favorite,rock band,fucking amazing,teenage,Punk-Pop,Californian Punk,heavy metal,seen live,indie,Grunge,heavy,emo,power pop,favorites,Love,catchy,alternative pop rock,Alternative  Punk,bass,Energetic,thrash metal,summer,California,underrated,Rock and Roll,the clash,Guilty Pleasures,Garage Punk,8 of 10 stars,friends,male vocals,Love it,Masterpiece,10 of 10 stars,4 of 10 stars,a subtle use of vocal harmony,major key tonality,repetitive melodic phrasing,a dynamic male vocalist,mixed acoustic and electric instrumentation,Love Metal,rockin,punk pop,GREENDAY,alt,77,attitude,mike dirnt,Great Lyricist,Punk Revival,Motorhead,basic rock song structures,melodic punk,robbie,alternative-rock,grew up on,rancid,sexiest songs ever,songs you must sing along with,punk roots,punknroll,songs to sing to,heavy electric rhythm guitars,prominent drums,500 essential songs,electric guitar wall-o-sound,favorite ever,brooky1969 - great songs list,alterindie,Zodo,igrenc,swwg,albums iamamiam owns,songs that remind me,favorite gd songs,Good Skate-Punk,
21st Century Breakdown,punk rock,rock,punk,alternative rock,green day,pop punk,alternative,2009,american,00s,21st century breakdown,power pop,love at first listen,punkrock,band needed for when the revolution strikes up,seen live,pop rock,Awesome,powerful lyrics,songs i love,Progressive Pop,Love it,2000s,Protest,4 of 10 stars,<3,My Favorite Albums,favorite band,alternative punk,2000s rock,song i have seen live,my favorite worst breakdown,- punk N rock -,zero generation,indie,pop,classic,hard rock,catchy,americana,britpop,Garage Rock,California,male vocalist,live,numbers,Pop-punk,best of 2009,san francisco,rock band,english,import,9 of 10 stars,time,3 stars,10 of 10 stars,rubbish,scream,concert,hey,Bay Area,title track,progressive punk,good song,special,Californian,real punk,rocking out,life as we know it,songs I absolutely love,favoritas,Power Rock,bestOf2009,con,na na na,Zanelowe,2Ks,wait for it,core jessielou artists,american punk rock,emo punk rock,queen day,Who are you,time flies,God Gave Rock n Roll To You,nice start,ounk,greenday1,shoreline amphitheater,bittersweet memory,post-nerdcore,albumnes nuevos,summertime ju,muh pop punk,2015 fig,green day gif,-2012,
Waiting,punk rock,rock,punk,alternative,green day,alternative rock,pop punk,favorite songs,00s,favorites,american,heard on Pandora,Californian Punk,waiting,Punk-Rock,Awesome,upbeat,male vocalist,male vocalists,2000,Punk-Pop,radioultra,Grunge,emo,hard rock,happy,Alternative  Punk,Mellow,favourite,fun,great song,cool,Pop-punk,post-grunge,Favorite,2000s,2001,GREENDAY,REMINDS ME OF GOOD MOMENTS,metal,indie,reggae,heavy,pop rock,energy,Love,catchy,epic,alternative pop rock,romantic,melodic,guitar,90s,day,Energetic,thrash metal,amazing,nostalgic,dancehall,irish,loved,female vocalist,guilty pleasure,underrated,90's,optimistic,best,alt rock,punkrock,XYZ,perfect,I love this song,Love it,Masterpiece,3 stars,dave,7 of 10 stars,4 of 10 stars,Favourite Songs,Love Metal,green,alternrock,General Alternative,Bay Area,best songs ever,punk pop,sound storm,alt,attitude,android,billie joe,Punk Revival,Play this loud enough to raise the dead,wait,Ultra Style,rocking out,favorite band,This shit is bananas,guitar genius,yolala nofx,
Last of the American Girls,punk rock,rock,alternative rock,punk,green day,pop punk,alternative,00s,american,USA,pop rock,favourite,good song,21st century breakdown,songs that you wanna listen to over and over again,2009,<3,American Girls,power pop,political,rock band,punkrock,2010,2000s,rock band dlc,Radio Rock,amazing voice,american rock,electronic,seen live,male,pop,favorite songs,emo,hard rock,Love,Awesome,amazing,California,fun,Pop-punk,rock opera,Pop-Rock,san francisco,Guilty Pleasures,english,import,9 of 10 stars,E,FUCKING AWESOME,4 Stars,feelgood,5,Bay Area,Favorite songs ever,rocking out,Top Tracks,hotlist2010,Farben,5-star,2000s rock,Good tune,radioultra,omg this is so good,san jose sharks,amerika,Channel X,my fave tracks,Hitparade 2010,Kickass guitar riff,disappointing follow-ups,singlesphere,ein tag,letzter,idobi,my favorite worst breakdown,jesss,description,italian mtv killed my music taste,albumnes nuevos,summertime ju,2015 fig,green day gif,
Geek Stink Breath,punk rock,punk,rock,alternative rock,green day,90s,alternative,american,pop punk,Alternative  Punk,Pop-punk,drugs,classic rock,hard rock,USA,Awesome,male vocalists,great lyrics,on my ipod,music,GREENDAY,Insomniac,say no to drugs,old faves,seen live,favorite songs,power pop,bass,Energetic,cool,Favourites,Guilty Pleasures,punkrock,8 of 10 stars,Funk Rock,social,1990s,methamphetamine,rockin,true metal,5 of 10 stars,rocking out,favorite album,guitar riffs and solos,songs about meth,meth,americain,500 essential songs,music choice: classic alternative,Songs with music videos,songs by:green day,Karaoke Chris,500 essential songs 2,Muy contagiosa y addictiva,Irresponsablemente mis favoritas,rock band vg,rbvg,this used tobe dear for me and still is,reefermadness63,uk top 40 in 1995,2015 fig,green day gif,
Redundant,punk rock,punk,rock,alternative,green day,90s,alternative rock,pop punk,american,favorite songs,favorites,cool,male vocalist,High School,Pop-punk,All time favourites,Californian Punk,good shit,love song,90s Rock,Punk-Rock,music of my youth,pop,sad,USA,pop rock,old times,Awesome,California,male vocalists,lol,good lyrics,6 of 10 stars,1997,repetitive melodic phrasing,Bay Area,sing-a-long,my life soundtrack,songs by:green day,sad but favourite,REMINDS ME OF GOOD MOMENTS,love is a complex feeling,seen live,hard rock,Love,catchy,easy listening,Alternative  Punk,beautiful,nineties,party,The Offspring,ska punk,amazing,I like,Favorite,san francisco,Favourites,5 Stars,XYZ,8 of 10 stars,I love this song,Love it,gute laune,claps,powerful,1990s,7 of 10 stars,a subtle use of vocal harmony,extensive vamping,minor key tonality,<3,General Alternative,rockin,GREENDAY,true metal,android,fave songs,gitarre,punk influences,rocking out,favorite band,a vocal-centric aesthetic,90s alternative,Melancholisch,Rock on,grew up on,alternative punk,absolute radio,autofahren,songs i wish were written for me,americain,Summer Mix,dirty electric guitar riffs,an emotional male lead vocal performance,a gravelly male vocalist,electric guitar wall-o-sound,makes me think,happy place,Welcome to the teenaged mix tape collection of BakedMilk,
Â¡Viva la Gloria!,punk rock,rock,alternative rock,punk,green day,pop punk,alternative,00s,beautiful,american,Californian Punk,really really good,favorite songs,loved,American Punk,oh so beautiful,amazing voice,21st century breakdown,best voice,allways good to hear,pop,favorites,best song ever,rock band,punkrock,My Favorite Albums,rock band dlc,seen live,country,emo,2009,hard rock,pop rock,acoustic,Alternative  Punk,California,Pop-punk,love at first listen,import,2000s,3 stars,6 of 10 stars,<3,scream,makes me happy,names,5,album,Bay Area,android,2000's,billie joe armstrong,mike dirnt,tre cool,good song,Really like,rocking out,favorite track,cry,work music,american rock,San Francsico,con,songs that you wanna listen to over and over again,nosan,new album,2000s rock,reprise records,wait for it,american idiots,whoah yeah,american punk rock,basket case,especial,californian punk rock,makes me fucking jump around,feier,tears running down my smiling face,jesss,and whatever it takes,gives me hope,albumnes nuevos,INCITY,viva la gloria,Heroes and Cons,summertime ju,deliziosa,fpbdml gif,pizzagate,
Walking Contradiction,punk rock,punk,rock,green day,pop punk,90s,alternative,alternative rock,american,classic rock,favorite songs,seen live,favorites,male vocalists,Pop-punk,Californian Punk,best song titles,power pop,USA,Alternative  Punk,Awesome,Garage Rock,fun,loved,male vocalist,bouncy,Favourites,lyrics,1995,clever lyrics,Songs with music videos,awesome music video,songs by:green day,Are you kidding me,metal,classic,Grunge,indie rock,fast,hard rock,memories,happy,Love,psychedelic,bass,nineties,drums,Driving,upbeat,Energetic,party,aggressive,west coast,glam rock,cool,modern rock,powerpop,great lyrics,surf rock,alternative pop,rock opera,best,alt rock,love at first listen,want to see live,melodic hardcore,on my ipod,1990s,7 of 10 stars,metallica,Red Hot Chili Peppers,<3,1996,East Bay,General Alternative,90s Rock,chameleon,rockin,cathartic,proto punk,GREENDAY,My Favorites,true metal,fuck you,android,psychobaby,Punk-Rock,all time favorites,good mood,northern california,rocking out,90s alternative,yolala nofx,Rock on,assertive,my life soundtrack,americain,rock-protopunk,90z,My Rock,
Jaded,punk rock,punk,rock,alternative,green day,alternative rock,90s,pop punk,american,favorite songs,Awesome,Pop-punk,Grunge,fast,California,cool,Favourites,fast punk,Californian Punk,classic rock,seen live,favorites,Love,Energetic,male vocalists,short,skate punk,songs by:green day,indie,albums I own,hard rock,power pop,USA,Alternative  Punk,bass,angry,Garage Rock,good,heard on Pandora,High School,san francisco,punkrock,angsty,looooove,wrif-fm,powerful,Favourite Songs,1995,music,Red Hot Chili Peppers,concert,1996,nme,East Bay,General Alternative,90s Rock,Bay Area,rockin,GREENDAY,true metal,Punk-Pop,rock out,Aggresive,rocking out,Bloody great,legal,power punk,grew up on,Speed Punk,deng,top 500 Essential songs,hyper,my favorite songs,Jam Out,Driving Tunes Alternative Mix,f-bomb,americain,aitch,gilman,500 essential songs,ROX LIKE WOOO,alterindie,Top Green Day Songs,Brain Stew,Zodo,w00tness,song i have seen live,album:international superhits,break it down,god save the queen,favorite gd songs,mashudko,singlesphere,pop - punk,one top favorites,trafna diagnoza,plist,fpbdml gif,
Holiday/Boulevard Of Broken Dreams,punk rock,rock,green day,punk,alternative rock,00s,pop punk,alternative,I love this song,Green day- H and B of BD,Awesome,2004,damn great song,HolidayBoulevard of Broken Dreams,seen live,pop,80s,Grunge,favorite songs,pop rock,favorites,new wave,americana,post-punk,Passionate,Favorite Artists,political,love this band,rock opera,Favorite,holiday,favorite song,cap,on my ipod,yummy,ballads,anthem,Antiwar,2000's,superb,real punk,lovelovelove,rebel,amber,play it again,boulevard,2Ks,NMEs decade Top 100,apumrwork,notmra,political commentary,antibush,rock internacional,MogFav,boysingers,ganska bra,Immer gut,Boulecard of broken dreama,boulevardo,mats best,Best SongEVER,Boulevard is another one that reminds me of me,Love this band and song,rrbsogt,OMG I LUV THIS TRAK,fpbdml gif,a pachimu vi podumali chto eto yntresno,the rest of Alanes,
East Jesus Nowhere,punk rock,rock,alternative rock,green day,Garage Rock,punk,alternative,pop punk,Awesome,american,00s,American Punk,favorite songs,punkrock,Protest,i should listen to this more,seen live,power pop,California,rock n roll,best song ever,san francisco,rock band,FUCKING AWESOME,I love this song,6 of 10 stars,<3,oh hell yes,punk pop,My Favorite Albums,pure love,rock band dlc,Love this song,favorite track,amazing voice,american rock,best voice,super track,really really good,the best of  the  best,indie,pop,soul,2009,hard rock,Progressive rock,Stoner Rock,pop rock,favorites,catchy,makes you want to dance,Alternative  Punk,beautiful,Driving,party,amazing,favourite,stoner,blues rock,male vocalists,Rock and Roll,Pop-punk,Favorite,Favourites,Garage Punk,import,Love it,Masterpiece,2000s,3 stars,7 of 10 stars,LOVE LOVE LOVE,scream,concert,Bay Area,atheist,goosebumps,atheism,awesome vocals,Headbang,rockband,stoner punk,poop,sic,rocking out,favorite band,alternative - rock,so cool,great bass,bestOf2009,21st century breakdown,guitar riff,songs that you wanna listen to over and over again,crank it up,crazy good,loved on first listen,2000s rock,really good songs,american punk rock,unnecessary screaming,
Song of the Century,punk rock,alternative rock,punk,rock,green day,00s,alternative,seen live,2009,pop punk,<3,My Favorite Albums,favorite band,21st century breakdown,my favorite worst breakdown,classic,folk,intro,acoustic,american,poetry,amazing,Pop-punk,Acapella,love at first listen,punkrock,import,8 of 10 stars,Protest,4 of 10 stars,concert,timeless,GREENDAY,ACCA,rocking out,under a minute and marvelous,songs you must sing along with,u,song i have seen live,song of the century,lyrics matter,shoreline amphitheater,post-nerdcore,albumnes nuevos,date or time,fpbdml gif,-2012,
Stuck With Me,punk rock,punk,rock,green day,alternative,90s,alternative rock,favorite songs,american,pop punk,Pop-punk,hard rock,Awesome,bass,male vocalists,drinking,90s Rock,Insomniac,songs you must sing along with,i miss old green day,classic rock,power pop,USA,favorites,Love,epic,Alternative  Punk,Energetic,California,cool,heard on Pandora,Favorite,best,punkrock,angsty,ok,1990s,1995,green,General Alternative,rockin,GREENDAY,true metal,American Punk,billie joe,mike dirnt,tre cool,5 of 10 stars,Play this loud enough to raise the dead,all time favorites,rocking out,favorite album,California Punk,Californian Punk,f-bomb,americain,untaggedhome,my favorite song by this artist,500 essential songs,alterindie,before they sucked,Punk Favorites,music choice: classic alternative,Songs with music videos,Zodo,relates to my life,Songs to Get,oh fuck yeah,album:international superhits,songs by:green day,skoczne,fucking love this,ami,mashudko,pop - punk,schmucke Stimmen,better than basement black metal,soundtrack of my highschool years,TremBloop1337,green day rules,stuck with me,The Perverted Hymns,fpbdml gif,
Macy's Day Parade,punk rock,punk,rock,green day,alternative,pop punk,alternative rock,acoustic,favorite songs,sad,Mellow,favorites,Awesome,90s,00s,funeral song,chillout,good shit,melancholic,I love this song,Californian Punk,favorite gd songs,emo,memories,catchy,beautiful,american,male vocalist,male vocalists,Acoustic Rock,Ballad,depression,Love it,10 of 10 stars,Favourite Songs,2000,<3,Songs to listen when you are really depressed,seen live,indie,classic,hard rock,pop rock,Love,alternative pop rock,Alternative  Punk,male vocal,beauty,amazing,nostalgic,cool,High School,great lyrics,Pop-punk,Heartbreaking,post-grunge,Favorite,Favourites,love at first listen,lyrics,warning,rock ballad,sweet,Yay,2000s,all time faves,4 Stars,good lyrics,7 of 10 stars,2001,major key tonality,acoustic rhythm guitars,a distinctive male lead vocal,mixed acoustic and electric instrumentation,mellow rock instrumentation,tune,concert,General Alternative,rockin,GREENDAY,All time favourites,Punk-Pop,android,5 Star,fave songs,Punk Revival,songs that i sing along to but i always forget the words so i say duh duh while trying to sound like i do know the words and no one is falling for it but they keep quiet because they are embarassed for me,punk influences,melodic punk,rocking out,favorite band,rainy day music,fossa,intense lyrics,Chill Rock,white boy rock,grew up on,work music,top 500 Essential songs,ending song,
Last Night on Earth,punk rock,rock,alternative rock,green day,beautiful,romantic,Love,punk,alternative,pop punk,00s,21st century breakdown,american,melancholy,Ballad,sad,songs i wish were written for me,pop rock,piano,Awesome,Mellow,love at first listen,slow dance,pop,2009,memories,male vocalists,lovely,nostalgia,rock ballad,sweet,best lyrics,Love it,2000s,amazing voice,songs you must sing along with,songs to say i love you,seen live,emo,downtempo,favorites,Power ballad,Alternative  Punk,britpop,poetry,pretty,California,melancholic,loved,piano rock,male vocalist,love songs,great lyrics,Pop-punk,Favorite,san francisco,falsetto,punkrock,import,8 of 10 stars,freedom,perfect,breakup,4 Stars,all in a day,4 of 10 stars,ballads,<3,concert,confessions,Loving,Slow Rock,rockin,hopeful,My Favorite Albums,billie joe,billie joe armstrong,good song,i love you,rockband,My Heart,lovelovelove,rocking out,cool down,cry,songs I absolutely love,alternative - rock,Songs to Make Love to,I could listen to this song forever,work music,Soulmate,american rock,luv,gives me chills,songs that you wanna listen to over and over again,best love song ever,2000s rock,rr,melodic universe,my wedding song,
Before the Lobotomy,punk rock,rock,alternative rock,green day,punk,pop punk,alternative,00s,2009,beautiful,punkrock,amazing,American Punk,pop rock,Alternative  Punk,american,California,<3,21st century breakdown,pop,power pop,male vocalist,2000s,american rock,i am lost for words,classic rock,seen live,male,female vocalists,hard rock,favorites,happy,catchy,epic,Pop-punk,best of 2009,optimistic,san francisco,english,import,9 of 10 stars,great songs,stadium rock,concert,hey,album,Bay Area,My Favorite Albums,billie joe armstrong,mike dirnt,tre cool,good song,loved tracks,rocking out,favoritas,Burn,butch vig,f-bomb,2000s rock,spelling lobotomy correctly,wait for it,american punk rock,song i have seen live,heavily influenced,,araushavs,albumnes nuevos,before the lobotomy,summertime ju,2015 fig,green day gif,
Peacemaker,punk rock,alternative rock,rock,pop punk,green day,punk,alternative,00s,love at first listen,21st century breakdown,great song,American Punk,Makes Me Smile,favorite songs,folk,2009,favorites,american,folk punk,mexican,punkrock,perfect,very special hey hey,happy,catchy,epic,makes you want to dance,Awesome,Energetic,folk rock,California,favourite,Pop-punk,brilliant,best lyrics,FUCKING AWESOME,favorite song,<3,hey,My Favorite Albums,Love this song,favorite band,american rock,me encanta,tralala humdidum whee,mmmm rhythm,my favorite worst breakdown,good song of good band,albumnes nuevos,pop,hard rock,Alternative  Punk,guitar,Voice,Driving,peace,insane,percussion,male vocalists,san francisco,rock band,Favourites,5 Stars,import,8 of 10 stars,9 of 10 stars,ilikeit,addictive,Love it,2000s,4 Stars,addicting,Good Stuff,rhythm,5,united states of america,legend,Bay Area,gets me pumped,Ultra Style,best ever,rocking out,spotify,songs I absolutely love,candidate,makes me want to move my feet,loved on first listen,2000s rock,italiani,top 2009,altern,best voice,american punk rock,x3,hey hey,bj,omg this is so good,stank,countoff,Therapy for me,
Christian's Inferno,punk rock,rock,punk,alternative rock,green day,00s,alternative,pop punk,amazing,21st century breakdown,2009,american,rock band,punkrock,2000s,My Favorite Albums,American Punk,rock band dlc,oh so beautiful,my favorite worst breakdown,i love california,pop,classic,power pop,pop rock,catchy,guitar,Drum,driving music,California,loved,san francisco,import,8 of 10 stars,9 of 10 stars,perfect,6 of 10 stars,<3,scream,jump,legend,Bay Area,sing-along,rocking out,american rock,2000s rock,top 2009,angry punk,american punk rock,singlesphere,makes me wanna jump,albumnes nuevos,2015 fig,green day gif,
Murder City,punk rock,alternative rock,rock,punk,green day,alternative,pop punk,00s,American Punk,american,hard rock,power pop,american rock,21st century breakdown,California,Garage Punk,5 Stars,alternative - rock,the scarred,classic rock,indie,pop,soul,favorite songs,2009,Progressive rock,Stoner Rock,pop rock,catchy,Alternative  Punk,post-punk,guitar,bass,90s,Garage Rock,stoner,Rock n' Roll,the clash,Pop-punk,50's,60's,90's,Favorite,san francisco,import,8 of 10 stars,Masterpiece,2000s,badass,3 stars,7 of 10 stars,6 of 10 stars,<3,good music,Bay Area,77 punk,melodic punk,rocking out,opera rock,bad ass,rancid,Pre-Punk,Perfect Albums,songs you must sing along with,2000s rock,singlesphere,my favorite worst breakdown,shoreline amphitheater,Ear-sex,araushavs,albumnes nuevos,summertime ju,lfdp,over 1 million fans,Hey Hey Rock,Kinks-rock,Mjs workout,2015 fig,green day gif,
F.O.D.,punk rock,punk,rock,alternative,90s,green day,alternative rock,pop punk,1994,6 of 10 stars,Dookie,fod,favorite songs,Pop-punk,Fuck off and die,hidden track,94,seen live,pop,Grunge,indie pop,sad,hard rock,favorites,cute,dark,Alternative  Punk,Awesome,upbeat,angry,long,american,fun,modern rock,male vocalist,funny,90's,hate,post-grunge,rock band,8 of 10 stars,boring,broken,badass,10 of 10 stars,4 of 10 stars,creepy,southampton,acronyms,90s Rock,alternative & punk,rockin,po,punk pop,banned,3 of 10 stars,middle school,Punk Revival,Fuck Off,Best of the best,90s punk,cut,my favorite songs,you suck,Alternative and Indie,bpluscoop,500 essential songs,choons,some pop thrown in for good luck,alterindie,goku,swwg,Life-altering,ass-kicking music,top500,favorite gd songs,joulukuu,90coop,songs about loving each other,epic hidden track,fuck off an die,slipgal2s fav,woocoop,favorite Green Day songs,fpbdml gif,
Restless Heart Syndrome,punk rock,alternative rock,rock,punk,green day,alternative,pop punk,00s,hard rock,love at first listen,best lyrics,2009,power pop,pop rock,american,Ballad,5 Stars,punkrock,post hardcore,<3,awesome vocals,melodic punk,MELODICO,pop,favorite songs,emo,downtempo,slow,Alternative  Punk,friend,melancholy,amazing,soft,California,Pop-punk,san francisco,drugs,guitars,import,perfect,2000s,powerful,creepy and awesome,7 of 10 stars,6 of 10 stars,Good Stuff,mine,easy,medicine,Bay Area,rockin,slowdown,holy fuck,rocking out,Brilliance,opera rock,Chill Rock,holy fucking shit,2000s rock,american punk rock,fix you,Channel X,refrences another song,I really dig this because I work at a pharmacy,thechameleonnn,personal1,temaso,no podes,billie capo,my favorite worst breakdown,my huge love,albumnes nuevos,reefermadness63,summertime ju,love at first listen gif,2015 fig,green day gif,
Horseshoes and Handgrenades,punk rock,rock,alternative rock,punk,green day,american,00s,hard rock,pop punk,Garage Rock,guitar,amazing,punkrock,makes you dance around in a very uncontrollable manner,my favorite worst breakdown,alternative,best lyrics,f-bomb,makes me wanna jump,fuckin angry,2009,California,favourite,FUCKING AWESOME,2000s,oh hell yes,fucking amazing,Bay Area,the hives,gets me pumped,alternative - rock,great bass,21st century breakdown,causing trouble and being a badass,power pop,catchy,bass,drums,Driving,upbeat,angry,screamo,male vocalist,male vocalists,Pop-punk,rock n roll,san francisco,love at first listen,import,8 of 10 stars,Love it,gute laune,3 stars,Rockisch,6 of 10 stars,LOVE LOVE LOVE,5,SKRAM,real screamo,mike dirnt,good song,5 of 10 stars,skramz,rockband,all-time favorite,rocking out,2000s rock,i should listen to this more,fucking angry,stank,makes me fucking jump around,Against USA,IT JUST ROCKS,tree cool,albumnes nuevos,MeinMetall,pilfered,summertime ju,2015 fig,green day gif,
The Static Age,punk rock,alternative rock,punk,green day,pop punk,rock,alternative,00s,pop,2009,american,21st century breakdown,catchy,<3,american rock,seen live,power pop,pop rock,epic,Awesome,horror punk,California,aggressive,male vocalists,Pop-punk,san francisco,rock band,Garage Punk,love at first listen,punkrock,import,9 of 10 stars,2000s,3 stars,6 of 10 stars,Good Stuff,concert,Bay Area,Irish Punk,American Punk,good song,key change,rocking out,alternative - rock,masturbation,bestOf2009,2000s rock,song i have seen live,allways good to hear,Sexy motherfucker,2000s punk,nice start,my favorite worst breakdown,albumnes nuevos,the scarred,summertime ju,lfdp,2015 fig,green day gif,
The Grouch,punk rock,punk,rock,green day,90s,alternative,favorite songs,alternative rock,favorites,pop punk,funny,fuck you,summer,music of my youth,Californian Punk,f-bomb,favourite green day tracks,favorite gd songs,angry,american,favourite,8 of 10 stars,1997,old age,best songs ever,GREENDAY,fucking ace,seen live,Grunge,indie rock,hard rock,USA,guitar,me,upbeat,Energetic,cheerful,ska punk,old school,cool,male vocalists,High School,Pop-punk,Workout,Favorite,Guilty Pleasures,punkrock,import,XYZ,life,angsty,interesante,bitter,geek rock,7 of 10 stars,4 of 10 stars,makes me happy,alcohol,Bay Area,rockin,true metal,pissed off,off the wall,yolala nofx,Single Radio,top 500 Essential songs,my favorite songs,Alternative and Indie,old people,the grouch,americain,great beat,500 essential songs,green day favs,choons,some pop thrown in for good luck,angry punk,Zodo,SICmuSIC,disenchantment,fucking love this,sophomore yr,complain,tragically yours,tragically yours - bittersweet you,tragically yours - sister stone,pop - punk,soundtrack of my highschool years,about my dad,PunkRockxXx,tragically yours - give me one reason,Green Day - The Grouch,the perfect fuck you song,fpbdml gif,
King for a Day,punk rock,punk,rock,pop punk,green day,alternative,ska punk,90s,alternative rock,Energetic,favorite songs,american,funny,seen live,favorites,makes you want to dance,ska,fun,male vocalists,Pop-punk,Punk-Rock,Californian Punk,happy,want to see live,awesomeness,drag queen,funny punk,100 songs you need to go out with,jazz,pop,hard rock,gay,brass,funny lyrics,Play this loud enough to raise the dead,amazing live,my favorite songs,Punk Favorites,Must learn to play,indie,rockabilly,emo,indie rock,fast,USA,Stoner Rock,pop rock,catchy,epic,other,upbeat,summer,political,comedy,amazing,old school,Random,California,favourite,High School,Crap,4,Favorite,bouncy,wtf,Guilty Pleasures,punkrock,polka,import,nostalgia,6 of 10 stars,1997,haha,LOVE LOVE LOVE,concert,gender,joy,coolness,pogo,Bay Area,rockin,Oi,GREENDAY,true metal,Ska Rock,yolala nofx,Rock on,punk rawk,Alternative and Indie,Billy Talent,gender bender,americain,untaggedhome,90z,cheers me up,Me gusta,ompa rock,green day favs,choons,some pop thrown in for good luck,
See the Light,punk rock,rock,punk,alternative rock,green day,alternative,pop punk,pop rock,american,00s,pop,California,American Punk,punkrock,american rock,2009,hard rock,post-punk,san francisco,2000s,<3,really good songs,my favorite worst breakdown,classic rock,seen live,indie,soul,power pop,Stoner Rock,favorites,Alternative  Punk,Awesome,bass,Garage Rock,irish,stoner,male vocalist,Rock n' Roll,Rock and Roll,the clash,Pop-punk,50's,60's,90's,best song ever,rock opera,Favorite,Garage Punk,import,8 of 10 stars,badass,light,6 of 10 stars,ending,the who,Bay Area,77 style punk,77 punk,rocking out,bad ass,Pre-Punk,Perfect Albums,awesome lyrics,2000s rock,rock alternativo,singlesphere,Ear-sex,albumnes nuevos,punkrocknroll,the scarred,summertime ju,over 1 million fans,Hey Hey Rock,Kinks-rock,2015 fig,green day gif,
Working Class Hero,cover,rock,punk rock,punk,green day,alternative,alternative rock,covers,john lennon,beautiful,working class hero,pop punk,american,political,00s,pop,cover song,amayzes loved,favorite songs,sad,hard rock,Awesome,John Lennon cover,classic rock,Love,melancholic,cover songs,Amnesty International,davaho53,instant karma,bad-ass covers,classic,best covers,2007,male vocalists,hero,Crap,2000s,great cover,favorite covers,covers that own,peace-justice,lennon cover,the highest form of perfection,iraq is the new vietnam,lyrics matter,talks about me,broken me,Memorial Yuri Gagarin,chillout,seen live,male,chill,70s,Grunge,sexy,USA,favorites,calm,lalala,acoustic,world,post-punk,Gothic,class,poetry,new,great,melancholy,folk rock,favourite,nice,f,fip,great lyrics,Pop-punk,Ballad,laptop,trio,shit,Pop-Rock,fav,ruhig,5 Stars,english,punkrock,protest song,1970s,my life story,good covers,bullshit,work,walzer,beatles-related,sucks,Protest,Favourite Songs,awesomeness,metallica,<3,
Scattered,punk rock,punk,rock,green day,90s,alternative rock,alternative,favorite songs,american,nostalgia,All time favourites,Punk-Rock,pop punk,Favourite Songs,favourite green day tracks,favorite gd songs,REMINDS ME OF GOOD MOMENTS,pop,hard rock,USA,Love,catchy,Awesome,me,ska punk,Pop-punk,Favourites,love at first listen,import,9 of 10 stars,3 stars,6 of 10 stars,1997,mine,friendship,rockin,true metal,good song,Quithial,songs that you wanna listen to over and over again,Alternative and Indie,americain,500 essential songs,sing along song,adoro,ciekawe,choons,some pop thrown in for good luck,sad but favourite,pop - punk,freak out music,ever so lovely live,green day - scattered,drift apart,summertime ju,2015 fig,green day gif,
All the Time,punk rock,punk,rock,alternative,pop punk,90s,green day,favorite songs,alternative rock,happy,other,upbeat,american,party,6 of 10 stars,1997,Awesome song,music of my youth,Californian Punk,favorite gd songs,pop,80s,hard rock,USA,pop rock,ska,ska punk,sex,cool,male vocalist,High School,Pop-punk,short,import,powerful,7 of 10 stars,all the time,songs i can play,Bay Area,rockin,All time favourites,true metal,fave songs,my favorite songs,americain,marvel,Zodo,SICmuSIC,nimrod,pitbullcarfc,The Feel Good Music,2015 fig,green day gif,
Worry Rock,punk rock,punk,rock,alternative,pop punk,green day,alternative rock,90s,favorite songs,american,favorites,Mellow,my favorite songs,Love,beautiful,Awesome,punkrock,lyrics,Awesome stuff,6 of 10 stars,1997,music of my youth,Californian Punk,love stinks,nimrod,classic,hard rock,USA,Stoner Rock,catchy,House,ska,guitar,upbeat,ska punk,good shit,Bittersweet,male vocalist,High School,Pop-punk,Five Stars,Workout,a capella,import,3 stars,4 of 10 stars,music,makes me happy,alternrock,Bay Area,rockin,true metal,fave songs,grew up on,fucking fantastic,Alternative and Indie,f-bomb,americain,my kind of love,great beat,500 essential songs,choons,some pop thrown in for good luck,minor iv chord,alterindie,kfav,Zodo,favorite gd songs,my fave tracks,fucking love this,pop - punk,promise me well have the streets and i will guarantee well have the road,dragged it through the mud,fat lips,fucked without a kiss again,opened wounds,ja pierdole jakie to zajebiste,I will also forever love this song,senior year songs,2015 fig,green day gif,
Church on Sunday,punk rock,punk,rock,alternative,green day,alternative rock,favorite songs,favorites,Awesome,american,happy,Love,pop punk,male vocalist,00s,religion,indie,emo,hard rock,upbeat,amazing,Pop-punk,post-grunge,attitude,Punk-Pop,Californian Punk,Soundtrack,metal,british,heavy,albums I own,pop rock,alternative pop rock,soft rock,beautiful,Driving,funky,thrash metal,new,keyboard,cool,male vocalists,female vocalist,guilty pleasure,High School,great lyrics,alternative pop,alt rock,want to see live,punkrock,nostalgia,Masterpiece,2000s,favorite song,7 of 10 stars,Love Metal,rubbish,2000,<3,rockin,Punk Revival,rainy day music,punk-ish,California Punk,my favorite songs,fon,sexiest songs ever,fucking good songs,road song,songs i wish were written for me,untaggedhome,500 essential songs,weekday songs,sunday songs,green day favs,brooky1969 - great songs list,Voci maschili,maschi,maschio,churchcore,Punk Favorites,always good to hear,Zodo,The Cream,witty and cynical,apumrwork,favorite gd songs,singlesphere,voce maschile,Curch On Suday - Green Day,from day to day,church on sunday,sevendays,got the album,bolevard of broken dreams,2015 fig,green day gif,
Castaway,punk rock,punk,rock,green day,pop punk,alternative rock,alternative,00s,favorite songs,favorites,Love,Awesome,Pop-punk,Love it,fucking good songs,seen live,Favorite Bands,hard rock,pop rock,american,summer,High School,warning,2000,Punk-Pop,Punk Revival,dream rock,punk-ish,Californian Punk,For The Road,Punk Favorites,pop,hardcore,singer-songwriter,USA,happy,catchy,epic,makes you want to dance,alternative pop rock,90s,Driving,upbeat,nostalgic,cool,male vocalist,male vocalists,post-grunge,Favorite,ranchero,Favourites,love at first listen,perfect,walking,Linkin Park,2000s,all time faves,feelgood,Favourite Songs,East Bay,rockin,GREENDAY,Punk-Rock,all-time favorite,good mood,My Heart,zajebiste,rainy day music,mj,alternative punk,my favorite songs,Alternative and Indie,mola,gd,na na na,green day favs,choons,some pop thrown in for good luck,Voci maschili,maschi,maschio,marvel,badass drumming,Zodo,foolinrain2,apumrwork,raouldukejr9,songs i love to drum to,mal eben kurtz nur,just wanna dance,THUMPER MEDIUM,castaway,voce maschile,fucking great bass,one of the favourite by them,like it wery much,Zuz1nQ4s,songs I was once mad about,tears infecction,decaydanceish,
Maria,punk rock,rock,punk,green day,alternative,pop punk,alternative rock,Maria,metal,favorite songs,Awesome,psychedelic,90s,american,political,names,chameleon,proto punk,GREENDAY,Californian Punk,classic rock,seen live,Favorite Bands,hardcore,albums I own,hard rock,favorites,Alternative  Punk,me,Garage Rock,favourite,glam rock,male vocalist,male vocalists,powerpop,Pop-punk,00s,Five Stars,Favorite,english,Good Stuff,Favourite Songs,General Alternative,my music,NOT METAL,the best,billie joe,rock out,fucking brilliant,zajebiste,rocking out,alternative punk,Name Droppers,rock-protopunk,alterindie,Zodo,albums iamamiam owns,album:international superhits,songs by:green day,rocks too hard,indiecent music,frauenname,Para Caminhar,favorite gd songs,skoczne,Eltronica,Girl name songs,pop - punk,Are you kidding me,ma lijia,summertime ju,favssongs ---,fpbdml gif,unplayed,
Â¿Viva la Gloria? (Little Girl),punk rock,alternative rock,rock,green day,punk,pop punk,american,00s,amazing,power pop,folk rock,favourite,2000s,<3,My Favorite Albums,favorite band,21st century breakdown,my favorite worst breakdown,pop,alternative,favorite songs,folk,pop rock,favorites,California,male vocalist,Pop-punk,san francisco,fav,love at first listen,punkrock,ragtime,2010s,4 Stars,7 of 10 stars,6 of 10 stars,Bay Area,2000's,billie joe,love at first sound,rockband,rocking out,opera rock,bestOf2009,american rock,2000s rock,singlesphere,yes good,dance:quickstep,naj i prze,summertime ju,2015 fig,green day gif,
Oh Love,punk rock,rock,pop punk,alternative rock,green day,punk,american,10s,pop,pop rock,alternative,power pop,2010s,nice shit,seen live,guitar,rock band,wrif-fm,rock band dlc,oh love,ekstremalny nakurw i ogolny rozpierdol,classic rock,hard rock,favorites,Love,Awesome,day,Garage Rock,adrenaline,California,favourite,loved,male vocalist,male vocalists,powerpop,alternative pop,perfect,boring,2012,FUCKING AWESOME,2012 single,fuck,4 of 10 stars,green,evergreen,Punk-Rock,talented,genial,Slowmantic,Uno,american rock,FLOP,2010s rock,rocksmith,california rock,currently obsessed with,fucking good music,san jose sharks,God why,better than animal collective,maidavalelover was here,moj 2012,rock band vg,rbvg,RadioOzark,nalesniki,
Armatage Shanks,punk rock,punk,rock,green day,alternative rock,alternative,90s,pop punk,Pop-punk,favorite songs,american,hard rock,favorites,bass,cool,USA,Awesome,Muse,foo fighters,6 of 10 stars,1995,Best Band EVER,funpunk,sexiest songs ever,Californian Punk,500 essential songs,Good Skate-Punk,sex vocals,off Greendays best Album,classic rock,metal,indie,classic,heavy,emo,power pop,Love,catchy,drums,me,thrash metal,California,good,male vocalist,female vocalist,post-grunge,san francisco,Placebo,incubus,PANIC AT THE DISCO,Love Metal,nme,90s Rock,Bay Area,to cover,GREENDAY,drive,not emo,attitude,true metal,Punk-Pop,tre cool,my favorite band,Slipknot,Bloody great,90s alternative,Fall Out Boy,Insomniac,if my life was a movie - this would be my soundtrack,absolute favorite,americain,my chemical romance,alternapop,rated2,Old School Green Day,brooky1969 - great songs list,alterindie,Zodo,rock - punk,vÃ­cio,favorite gd songs,Flo,lyrics I like,great performers,pop - punk,darthwang sucks cocks,favorite Green Day songs,fpbdml gif,
Walking Alone,punk rock,punk,rock,pop punk,green day,alternative,alternative rock,90s,pop,harmonica,favorite songs,american,Grunge,hard rock,Awesome,guitar,male vocalist,seen live,USA,blues,quirky,great,good shit,fun,cool,High School,Pop-punk,folk punk,punkrock,import,breakup,Hi,3 stars,poprock,6 of 10 stars,1997,yeah,Bay Area,rockin,Adrenalin,true metal,7th grade,best of 1997,music of my youth,Californian Punk,americain,500 essential songs,yay and hooray and yippee and huzzah,Zodo,totally ass kicking,favourite green day tracks,favorite gd songs,my fave tracks,fucking love this,experimental green day,immune to death,nichtrumschreimugge,Texasss Rock-n-roll,britpop indie alternative,gonna marry his voice,fpbdml gif,
Misery,punk,punk rock,rock,green day,alternative rock,alternative,favorite songs,pop punk,western,organ,Pop-punk,misery,emo,favorites,catchy,90s,cool,00s,2000,sad,hard rock,strings,folk rock,male vocalist,post-grunge,life,accordion,minor key,farfisa,Punk-Pop,Californian Punk,top rated tracks,play it loud loud loud,experimental green day,test,metal,seen live,pop,heavy,singer-songwriter,pop rock,slow,Love,alternative pop rock,tango,Awesome,song,upbeat,songwriter,american,thrash metal,unique,amazing,groovy,brass,male vocalists,female vocalist,exotic,raunchy,folk punk,gypsy punk,Favorite,mexicano,jewish,balkan,Favourites,lyrics,warning,my life story,perfect,2000s,3 stars,Girl,6 of 10 stars,Shanson,Love Metal,circus,stomping,Nirvana,breakfast,the kinks,on the road,Bay Area,best songs ever,not emo,kaffee,neat,polkka,attitude,minor,Punk Revival,schottische,musique de cirque,Love this song,meloncholy,zajebiste,Makes Me Smile,alternative pop/rock,have to sing along,fon,
Uptight,punk rock,rock,punk,alternative rock,green day,alternative,90s,american,pop punk,favorite songs,hard rock,USA,depression,suicide,pop rock,favorites,Love,other,Awesome,guitar,vocals,ska punk,California,male vocalist,Pop-punk,love at first listen,punkrock,import,lyrics,1990s,7 of 10 stars,6 of 10 stars,Favourite Songs,1997,music,90s Rock,rockin,GREENDAY,not punk,true metal,American Punk,5 of 10 stars,Creed,90s punk,intense lyrics,american rock,California Punk,Alternative and Indie,americain,Me gusta,500 essential songs,choons,some pop thrown in for good luck,nimrod,my fave tracks,NOT POP ROCK,500 essential songs 2,2015 fig,green day gif,
Brat,punk rock,punk,rock,green day,alternative rock,alternative,90s,favorite songs,Pop-punk,hard rock,Awesome,pop punk,classic rock,american,amazing,growing up,Insomniac,Californian Punk,Grunge,power pop,USA,bass,cool,funny,life,angsty,bitter,6 of 10 stars,1995,Parents,Cynical,rockin,GREENDAY,the best,true metal,favorite album,my favorite songs,brat,awesome lyrics,americain,untaggedhome,gd,alternapop,where is my bong,mom and dad,played at punk in public,Punk Favorites,good chorus,Zodo,95,keineproblem weekly top tracks,joulukuu,sarcastic punk pop,singlesphere,pop - punk,off Greendays best Album,lubjE,i hate mommy and daddy,fpbdml gif,
Fashion Victim,punk rock,punk,rock,green day,alternative,alternative rock,favorite songs,american,cool,Pop-punk,Californian Punk,hard rock,Awesome,upbeat,pop punk,male vocalist,00s,post-grunge,punkrock,2000s,Punk-Pop,fashion victim,metal,pop,heavy,emo,singer-songwriter,USA,pop rock,favorites,happy,power,Love,epic,alternative pop rock,90s,songwriter,thrash metal,fun,male vocalists,female vocalist,want to see live,lyrics,truth,7 of 10 stars,Love Metal,2000,happiness,East Bay,warner,rockin,sing-along,attitude,fuck you,billie joe armstrong,mike dirnt,tre cool,Punk Revival,kinks,sexiest songs ever,reprise records,brooky1969 - great songs list,Voci maschili,maschi,maschio,Zodo,voce maschile,Partayyy,limecore,about emos,fuck off fashion,britpop indie alternative,got the album,I will also forever love this song,2015 fig,green day gif,
Jinx,punk rock,punk,90s,rock,green day,pop punk,alternative,favorite songs,alternative rock,american,pop,favorites,Pop-punk,1997,instrumental,indie rock,hard rock,USA,other,Awesome,guitar,quirky,Energetic,Mellow,ska punk,good shit,California,fun,modern rock,male vocalist,male vocalists,High School,00s,Workout,post-grunge,short,punkrock,import,6 of 10 stars,Bay Area,rockin,punk pop,true metal,Punk-Pop,Punk-Rock,music of my youth,grew up on,my favorite songs,Californian Punk,americain,great beat,alterindie,Zodo,favorite gd songs,got the album,rowdy  loud  rock fun,Action 45,6 years,fpbdml gif,
Prosthetic Head,punk rock,punk,pop punk,rock,green day,90s,alternative rock,american,alternative,favorite songs,High School,Pop-punk,political,California,perfect,Awesome stuff,pop,Favorite Bands,male vocalist,Favorite,sellout,1997,90s Rock,Bay Area,my favorite songs,Californian Punk,some pop thrown in for good luck,favorite gd songs,seen live,fast,hard rock,USA,catchy,ska punk,favourite,cool,90's,Workout,san francisco,skate,import,XYZ,1990s,6 of 10 stars,rockin,true metal,American Punk,90s alternative,american rock,California Punk,Alternative and Indie,americain,gd,fav songs,album closers,choons,california rock,marvel,backup vox,Zodo,dark dark anarchy dark,pop - punk,extreme ultra brutal blackened progressive technical avant garde death metal with jazz and krautrock influences,britpop indie alternative,Super Duper Cool,2015 fig,green day gif,
Blood, Sex and Booze,punk rock,punk,rock,alternative rock,green day,alternative,favorite songs,sex,Love,Awesome,american,pop punk,male vocalist,BDSM,bitch,Grunge,pop rock,funky,raunchy,00s,<3,Californian Punk,Zodo,favourite green day tracks,Awesome-ness,essential green day,i miss old green day,pop,favorites,catchy,alternative pop rock,90s,dirty,subway,folk rock,fun,male vocalists,Pop-punk,post-grunge,best,punkrock,love song,school,Remember,negative,2000s,3 stars,6 of 10 stars,2000,best songs ever,rockin,Punk-Pop,billie joe,Punk Revival,all-time favorite,old rock,a,play it loud,yolala nofx,Under The Influence,top song radio,Sexsongs,California Punk,my favorite songs,say no to drugs,sex for my ears,untaggedhome,Antics,fucking sexy,shift,500 essential songs,fav songs,songs that make you want to sing along,domination,Voci maschili,maschi,maschio,Punk Favorites,angry punk,360shift,alternative experimental,dominatrix,favorite gd songs,mashudko,basically yes,voce maschile,domme,judihui,pitbullcarfc,Blood Sex And Booze,a------,good ole greenday,rocknsurf,birhtday cd,C-L,2015 fig,green day gif,
86,punk rock,punk,green day,alternative,rock,alternative rock,90s,american,favorite songs,pop punk,Pop-punk,Awesome,1995,music,not emo,Insomniac,classic rock,emo,hard rock,power pop,USA,favorites,bass,Energetic,California,cool,male vocalist,numbers,san francisco,live gesehen,6 of 10 stars,number,nme,90s Rock,Bay Area,rockin,GREENDAY,clarity,true metal,Punk-Pop,my favorite band,favorite album,tnphp numbers,my favorite songs,Alternative and Indie,great bass line,Californian Punk,americain,alternapop,choons,some pop thrown in for good luck,alterindie,Top Green Day Songs,angry punk,Zodo,songs to make my feet tap in the beat,favorite gd songs,pop - punk,im not angry,Exercise muzak,ja pierdole jakie to zajebiste,fpbdml gif,
Haushinka,punk rock,punk,alternative,rock,green day,alternative rock,90s,pop punk,hard rock,favorites,american,favorite songs,emo,cool,Pop-punk,post-grunge,names,Punk-Pop,metal,pop,heavy,USA,Love,thrash metal,ska punk,good shit,female vocalist,High School,Favorite,punkrock,import,moving,i love this,7 of 10 stars,1997,Love Metal,Bay Area,best songs ever,rockin,brit pop,attitude,true metal,5 of 10 stars,Punk Revival,reminds me of home,alternative-rock,alternative pop/rock,music of my youth,grew up on,sexiest songs ever,Californian Punk,americain,500 essential songs,brooky1969 - great songs list,backup vox,Zodo,nimrod,favorite gd songs,fucking love this,little known but awesome,New Skool-kiddypunk-markesque,pop - punk,jesss,my favorite song in this album,fpbdml gif,
Last Ride In,instrumental,punk rock,punk,green day,rock,alternative,90s,chill,alternative rock,surf rock,Mellow,american,hard rock,Stoner Rock,pop punk,4 of 10 stars,Surf,USA,memories,night,summer,pretty,ska punk,California,relaxing,Pop-punk,Crap,relax,Guilty Pleasures,import,sunset,6 of 10 stars,sleepy,instrumentals,sea,ocean,songs i can play,rockin,Oi,loungecore,true metal,Punk-Rock,seaside,Slowmantic,americain,melhor do mundo,Hank Marvin,californian rock,pop - punk,pitbullcarfc,campfire on the seaside,last ride in-green day,pugva,streamable but unstreamable,makes-me-want-to,driving until there is no more road,totally nude island,2015 fig,green day gif,
Platypus (I Hate You),punk rock,punk,rock,green day,alternative,pop punk,90s,alternative rock,favorite songs,american,hardcore,i hate you,angry punk,fast,hard rock,favorites,Pop-punk,green day fastest songs,metal,pop,USA,Love,Favorite Artists,ska punk,California,cool,High School,hate,san francisco,short,nostalgia,hardcore punk,running,angsty,angst,bitter,1990s,7 of 10 stars,4 of 10 stars,Punky,Favourite Songs,1997,mine,90s Rock,sing,Bay Area,90s nostalgia,Best music ever,rockin,true metal,fuck you,5 of 10 stars,fast punk,90s alternative,music of my youth,my favorite songs,Californian Punk,f-bomb,Dookie,americain,daves faves,green day favs,i hope you die,Punk Favorites,Zodo,songs about murder,ass-kicking music,favorite gd songs,singlesphere,Dave Hiddens Music Box,darthwang sucks cocks,darthwang loves acdc,darthwang punk,songsthatswear,500 essential songs 2,ja pierdole jakie to zajebiste,summertime ju,para vos puto,fpbdml gif,
Reject,punk rock,punk,rock,green day,pop punk,alternative,90s,alternative rock,favorite songs,american,hard rock,Pop-punk,1997,Bay Area,metal,Grunge,heavy,emo,USA,Love,upbeat,thrash metal,ska punk,f,cool,female vocalist,High School,post-grunge,short,import,6 of 10 stars,Love Metal,rockin,sound storm,attitude,true metal,Punk-Pop,sexiest songs ever,Californian Punk,americain,500 essential songs,green day favs,brooky1969 - great songs list,Zodo,favorite gd songs,pop - punk,Green Day - Reject,2015 fig,green day gif,
No Pride,punk rock,punk,rock,green day,alternative rock,alternative,favorite songs,90s,favorites,Pop-punk,hard rock,Awesome,american,pop punk,Californian Punk,500 essential songs,classic rock,seen live,Grunge,power pop,USA,bass,male vocalist,1995,rockin,true metal,5 of 10 stars,Creed,Alternative PopRock,favorite album,Insomniac,top 500 Essential songs,Alternative and Indie,americain,choons,some pop thrown in for good luck,Zodo,favorite gd songs,deadbeat holiday,garito jaleo,pop - punk,yes no maybe,green day - no pride,garito noche,fpbdml gif,
Take Back,punk rock,punk,rock,green day,alternative,90s,hardcore punk,alternative rock,favorite songs,american,hardcore,hard rock,Awesome,pop punk,heavy,angry,Pop-punk,Bay Area,favorites,Energetic,California,1997,fast punk,Songs Less Than 90 Seconds That Rock Ass,unnecessary screaming,Grunge,Progressive rock,USA,summer,ska punk,political,good shit,fun,High School,shit,san francisco,short,fast rock,Guilty Pleasures,punkrock,Trash,import,shouty,<3,90s Rock,pogo,the word take,rockin,true metal,90s punk,short songs,music of my youth,Die Aerzte,Californian Punk,americain,Punk Favorites,360shift,Zodo,songs about murder,nimrod,favorite gd songs,green day fastest songs,pop - punk,Green Day - Take Back,pesni za pogo,totez gfm,amoklaufmusik,worst green day song ever,fpbdml gif,
Hold On,punk rock,punk,rock,green day,alternative,alternative rock,favorite songs,Californian Punk,favorites,Awesome,inspirational,Pop-punk,Punk-Pop,emo,hard rock,harmonica,male vocalist,optimistic,post-grunge,2000,hold on,sexiest songs ever,green day favs,classic rock,metal,heavy,singer-songwriter,pop rock,Love,alternative pop rock,american,thrash metal,great,pop punk,mandolin,cool,male vocalists,female vocalist,00s,punkrock,life,2000s,radio paradise,radioparadise,7 of 10 stars,Love Metal,strength,rockin,alt,attitude,Punk Revival,damn,Weill,make me smile,grew up on,top 500 Essential songs,fon,Love this people,500 essential songs,Songs to cry to,coh controller,brooky1969 - great songs list,Voci maschili,maschi,maschio,alterindie,awsome guitar solos,August 07,Zodo,favourite green day tracks,favorite gd songs,pop - punk,voce maschile,pitbullcarfc,wonderful harmonica shit,britpop indie alternative,greennn,fpbdml gif,
Panic Song,punk rock,punk,90s,green day,rock,pop punk,alternative,alternative rock,Pop-punk,favorite songs,Awesome,hard rock,USA,favorites,Energetic,american,cool,anxiety,Insomniac,untaggedhome,panic attack,classic rock,pop,classic,instrumental,power pop,bass,lyrics,perfect,on my ipod,1995,Panic,nme,rockin,true metal,5 of 10 stars,favorite album,angry music,hyper,Californian Punk,absolute favorite,americain,500 essential songs,Top Green Day Songs,Punk Favorites,Zodo,favorite gd songs,fucking love this,singlesphere,fpbdml gif,
Kill the DJ,punk rock,pop punk,rock,punk,alternative rock,green day,alternative,american,10s,pop,dance,Disco,hard rock,power pop,pop rock,Garage Rock,California,great song,alternative pop,dance rock,disco punk,love at first listen,perfect,FUCKING AWESOME,Eargasm,dance punk,2012 single,2010s,Reggae Rock,Uno,american rock,con,groovy beats,2010s rock,reggae punk,california rock,singlesphere,2000s punk,crazy trip,maidavalelover was here,stol zakazov,gsmart,holy mother of badassery,one of the best songs if not the best,
Scumbag,punk,punk rock,green day,rock,pop punk,alternative rock,alternative,Soundtrack,hard rock,american pie,Scumbag,favorite songs,american,pop,Favorite Bands,Grunge,indie rock,rocksteady,USA,pop rock,favorites,Love,Awesome,cover,90s,upbeat,gay,new,Pop-punk,00s,alternative pop,shit,english,punkrock,skate punk,What,terrible,Love it,2000s,bitter,Background,Good Stuff,2000,Faves,haha,us,green,Tag,rock punk,sound storm,My Favorites,sunny day,indie party,Californian Punk,fun rock,green day favs,Street Industrial,Top Green Day Songs,Punk Favorites,tavfm,Zodo,albums iamamiam owns,favourite green day tracks,p-day,Hookie Mixture,songs that remind me of my ex,The Spiff,liila - e - p -,pop - punk,bb-rocks,surf my garage,Green Day Scumbag,Wooooot,KCDR,ponk rok,czypiendziesiat,arealdaniel,fpbdml gif,
Westbound Sign,punk rock,punk,rock,alternative rock,green day,90s,Pop-punk,alternative,favorite songs,cool,Love,american,pop punk,hard rock,epic,Bay Area,sound storm,Punk-Pop,90s punk,american rock,Californian Punk,Road Trip songs,alterindie,classic rock,metal,heavy,emo,power pop,USA,favorites,bass,thrash metal,California,female vocalist,post-grunge,san francisco,1995,music,Love Metal,90s Rock,rockin,attitude,rox,true metal,progressive punk,power punk,sexiest songs ever,americain,500 essential songs,brooky1969 - great songs list,Zodo,fodao,BJAA,keineproblem weekly top tracks,favorite gd songs,pop - punk,pirate-music,fpbdml gif,
Deadbeat Holiday,punk rock,rock,punk,green day,alternative rock,alternative,favorite songs,favorites,Awesome,pop punk,00s,hard rock,pop rock,upbeat,american,male vocalist,male vocalists,Pop-punk,2000,<3,songs that i sing along to but i always forget the words so i say duh duh while trying to sound like i do know the words and no one is falling for it but they keep quiet because they are embarassed for me,grew up on,Punk Favorites,indie,pop,albums I own,alternative pop rock,me,funky,fun,cool,underrated,post-grunge,Love it,Yay,2000s,favorite song,7 of 10 stars,2002,green,headbanging,Bay Area,rockin,Punk-Pop,melancholia,Punk Revival,My Tags,Californian Punk,untaggedhome,anglo,500 essential songs,fucking love,Christmas punk,green day favs,Voci maschili,maschi,maschio,alterindie,Top Green Day Songs,Zodo,favourite green day tracks,favorite gd songs,jednym tagiem sie nie da,pretty much roolz,wesole,pop - punk,voce maschile,Green Day- Deadbeat Holiday,indiestic,ruhovkil9,GREEDAY,fpbdml gif,
2000 Light Years Away,punk rock,punk,rock,90s,green day,alternative,alternative rock,favorite songs,pop punk,old school,California,1992,Old School Green Day,neo punk,Best Green Day song ever,hard rock,bass,heard on Pandora,want to see live,Favourite Songs,songs that i will still be listening to in a billion years,nocal,long distance love,Californian Punk,Must learn to play,metal,seen live,Grunge,Love,epic,alternative pop rock,Awesome,american,male vocalist,male vocalists,love songs,numbers,Pop-punk,alt rock,punkrock,emusic,concert,good times,Punk-Pop,5 star songs,Punk-Rock,Punk Revival,nostalgie,yolala nofx,my favorite songs,songs you must sing along with,For Her,Punk Favorites,the songs that killing me,lastwordfreak,Zodo,song i have seen live,top tunes i do own,Jurnys Tags,pop - punk,got the album,adie,first kiss with your love,2015 fig,green day gif,
Jackass,punk rock,punk,rock,green day,alternative rock,alternative,favorite songs,pop punk,Californian Punk,hard rock,american,male vocalist,00s,post-grunge,Punk-Pop,metal,seen live,heavy,emo,pop rock,favorites,Love,alternative pop rock,Awesome,thrash metal,fun,cool,male vocalists,female vocalist,great lyrics,Pop-punk,perfect,2000s,7 of 10 stars,Love Metal,2000,rockin,attitude,Punk Revival,lovelovelove,Love this song,jackass,sexiest songs ever,great track,gd,brooky1969 - great songs list,Voci maschili,maschi,maschio,marvel,Zodo,realistic,favorite gd songs,love that sax solo,simple euphoric joy,just gotta rock,singlesphere,pop - punk,voce maschile,Zuz1nQ4s,favourite phrase,2015 fig,green day gif,
Stuart and the Ave.,punk rock,punk,green day,alternative rock,rock,90s,pop punk,alternative,favorite songs,hard rock,USA,favorites,Awesome,american,California,punkrock,hyper,classic rock,seen live,power pop,Love,Alternative  Punk,bass,day,cool,good,great lyrics,Pop-punk,Jam,love at first listen,Favourite Songs,1995,names,Cursing,green,nme,rockin,GREENDAY,true metal,Punk-Pop,fuck you,my favorite band,favorite album,Insomniac,Party Hard,Alternative and Indie,Californian Punk,americain,500 essential songs,choons,some pop thrown in for good luck,alterindie,kfav,Stuart,Zodo,favorite gd songs,fucking love this,pop - punk,miss old green day,fucked uo,gd fastest songs,oldschool boss,Ave,fall out radio,chinacat,the scarred,know the lyrics,fpbdml gif,wakebakesk8,
Outsider,cover,punk,punk rock,green day,rock,covers,alternative,alternative rock,pop punk,Ramones,90s,Pop-punk,ramones cover,hard rock,cover songs,amayzes loved,pop,favorites,american,6 of 10 stars,davaho53,classic rock,favorite songs,emo,indie rock,outsider,California,00s,punk covers,top rock songs,top punk songs,cover project,ramones covers,audioxs,metal,seen live,indie,80s,fast,dance,power,Tribute Albums,2003,upbeat,gay,political,I like,fun,super,crossover,cool,modern rock,mix,alternative pop,beat,ambiance,alt rock,punkrock,franz ferdinand,8 of 10 stars,anger,sweet,life,Linkin Park,gute laune,Punky,2002,music,favs,bands,the who,great cover,group,punk pop,sound storm,GREENDAY,the ramones,Punk-Pop,fuck you,Punk-Rock,stuff I like,Punk Revival,rock out,sunny day,good cover,good mood,OC,my song,Punx,Greatest covers,favorite cover songs,Californian Punk,The soundtrack to my wasted life,black meta,freakey stylish,alternapop,Ramones related,Personal Anthem,personal anthems,ily,
Tight Wad Hill,punk rock,punk,rock,90s,green day,alternative,alternative rock,pop punk,hard rock,american,cool,favorite songs,classic rock,metal,pop,heavy,emo,power pop,USA,Love,Awesome,bass,thrash metal,California,female vocalist,Pop-punk,post-grunge,san francisco,punkrock,6 of 10 stars,1995,Love Metal,nme,East Bay,90s Rock,Bay Area,rockin,attitude,true metal,Punk-Pop,90s punk,american rock,hyper,sexiest songs ever,Californian Punk,americain,gilman,fav songs,brooky1969 - great songs list,Zodo,above the landscape,Pablinkus radio,fpbdml gif,
Jesus Of Suburbia / City Of The Damned / I Don't Care / Dearly Beloved / Tales Of Another Broken Home,rock,punk rock,punk,green day,alternative,alternative rock,hard rock,Awesome,pop punk,political,emo,pop,favorites,epic,seen live,american,00s,rock opera,GREENDAY,American Idiot,pop rock,classic rock,Grunge,Love,awesomeness,the best,Punk Favorites,most excellent rock,indie,singer-songwriter,happy,britpop,5 star songs,Favorite Music,Tales of another broken home,Jusus OF Suburbia,one of the best songs by green day,Hip-Hop,electronic,male,chill,japanese,classic,country,instrumental,80s,favorite songs,reggae,hardcore,folk,indie rock,dub,Progressive rock,arabic,memories,piano,world,Alternative  Punk,Symphonic Rock,instrumental rock,melodic,guitar,90s,long,spoken word,oldies,great,screamo,comedy,good shit,California,fun,Psychedelic Rock,glam rock,not bad,loved,good,modern rock,mix,Pop-punk,proto-punk,Favourites,New York Punk,brilliant,melodic hardcore,punkrock,great songs,sweet,long songs,broken home,sk8,ok,2000s,cps2006-favorite,as good as it gets,Fave,rai,Favourite Songs,seen in concert,Red Hot Chili Peppers,
Suffocate,punk,punk rock,green day,rock,pop punk,alternative rock,alternative,90s,amayzes loved,favorite songs,hard rock,gay,davaho53,emo,favorites,american,cool,suffocate,pop,Hard,indie rock,power,Love,post-punk,up,High School,Pop-punk,00s,alternative pop,Favorite,import,nostalgia,running,Yay,Punky,Officially Shit,fucking amazing,alcohol,red,punk pop,sound storm,personal,not punk,quality,Punk-Rock,nett,Great Lyricist,ro-party,ro-rock,ro-happy,Ultra Style,My Tags,Fall Out Boy,grew up on,rancid,Californian Punk,fav0urit3,Like this,Pop Punk Rock,alterindie,Punk Favorites,angry punk,Zodo,serdengreen,radioultra,albums iamamiam owns,favorite gd songs,sound breeze,king of punk,90coop,blunt plus,gd suffocate,LUV EM this is not from Nimrod,its from Shenanigans 2002,guugglaer,conqui,ami punk,good old green day,green day my all time favs,Green Day - Suffocate,Intersante,endomorfina,karbauhhhhhh,tortrock,limecore,mapsgooglecom,fpbdml gif,
Poprocks & Coke,punk,punk rock,rock,green day,pop punk,alternative,seen live,alternative rock,favorite songs,Californian Punk,romantic,Awesome,Energetic,cool,<3,favorite gd songs,classic rock,metal,pop,albums I own,hard rock,favorites,beautiful,psychedelic,feel good,90s,upbeat,1,Garage Rock,glam rock,loved,male vocalist,male vocalists,powerpop,Pop-punk,00s,lovely,nostalgia,2001,General Alternative,chameleon,proto punk,GREENDAY,rocking out,my favorite songs,Driving Tunes Alternative Mix,songs i wish were written for me,damn right,rock-protopunk,ROX LIKE WOOO,feliz,alterindie,im addicted to,Zodo,albums iamamiam owns,album:international superhits,songs by:green day,Poprocks and coke,crystal wings,skoczne,rockear,4 teena 1,particular favorite,sweet-ish,pitbullcarfc,Are you kidding me,summertime ju,
Long View,punk,punk rock,rock,alternative,green day,Pop-punk,pop,90s,alternative rock,pop punk,best songs ever,masturbation,Top Green Day Songs,chillout,Alternative  Punk,american,punkrock,Punk-Rock,5 of 10 stars,High School Soundtrack,Long View,songs that mention masturbation,seen live,emo,Progressive rock,Mellow,male vocalists,noisy,Workout,post-grunge,Favourites,gute laune,sing along,10 of 10 stars,1994,songs about masturbation,punk pop,chart,zeitgeist,all-time favorite songs,cool bass,robbie,somafm,beach songs,Bagel,Songs with music videos,Bubble-Music-Pool,WRIF,singlesphere,Zoo Bar,DAT OUTRO,dream guitars,shoreline amphitheater,me siento levemente identificada,
Ha Ha You're Dead,punk rock,punk,rock,green day,alternative rock,alternative,shenanigans,american,seen live,pop punk,funny,amayzes loved,favorite songs,hard rock,90s,lol,davaho53,favorites,power,favorite tracks,fave songs,Favorite Bands,indie rock,romantic,guitar,loud,death,melancholy,fun,b-side,Pop-punk,00s,alternative pop,Favourites,punkrock,FUCKING AWESOME,badass,6 of 10 stars,Punky,Favourite Songs,haha,Playlist,fuck you,zajebiste,awesome music,proud,Californian Punk,131,Punk Favorites,old heroes,Zodo,albums iamamiam owns,punkd,favourite green day tracks,schadenfreude,carving powder,king of punk,I like the lyrics,fucking love this,czasoumilacze,la mort,Ha Ha You Are Dead- Green Day,lyrics by mike dirnt,limecore,Psychoza,fpbdml gif,
